BEGIN:VCALENDAR
PRODID:-//Mozilla.org/NONSGML Mozilla Calendar V1.1//EN
VERSION:2.0
X-WR-CALNAME:DutchHolidays
X-WR-TIMEZONE:Europe/Amsterdam
BEGIN:VTIMEZONE
TZID:Europe/Amsterdam
X-LIC-LOCATION:Europe/Amsterdam
BEGIN:DAYLIGHT
TZOFFSETFROM:+0100
TZOFFSETTO:+0200
TZNAME:CEST
DTSTART:19700329T020000
RRULE:FREQ=YEARLY;BYMONTH=3;BYDAY=-1SU
END:DAYLIGHT
BEGIN:STANDARD
TZOFFSETFROM:+0200
TZOFFSETTO:+0100
TZNAME:CET
DTSTART:19701025T030000
RRULE:FREQ=YEARLY;BYMONTH=10;BYDAY=-1SU
END:STANDARD
END:VTIMEZONE
BEGIN:VEVENT
DTSTAMP:20161002T100016Z
SUMMARY:Bevrijdingsdag (Liberation Day)
UID:20161002T100016Z-26501-0001-en@katana
RRULE:FREQ=YEARLY;BYMONTHDAY=5;BYMONTH=5
DTSTART;VALUE=DATE:20100505
DTEND;VALUE=DATE:20100506
CATEGORIES:Unofficial Public Holiday
TRANSP:TRANSPARENT
END:VEVENT
BEGIN:VEVENT
DTSTAMP:20161002T100016Z
SUMMARY:Dag van de Arbeid (May Day)
UID:20161002T100016Z-26501-0002-en@katana
RRULE:FREQ=YEARLY;BYMONTHDAY=1;BYMONTH=5
DTSTART;VALUE=DATE:20100501
DTEND;VALUE=DATE:20100502
CATEGORIES:Unofficial Public Holiday
TRANSP:TRANSPARENT
END:VEVENT
BEGIN:VEVENT
DTSTAMP:20161002T100016Z
SUMMARY:Dierendag (Animal Day)
UID:20161002T100016Z-26501-0003-en@katana
RRULE:FREQ=YEARLY;BYMONTHDAY=4;BYMONTH=10
DTSTART;VALUE=DATE:20101004
DTEND;VALUE=DATE:20101005
CATEGORIES:Unofficial Public Holiday
TRANSP:TRANSPARENT
END:VEVENT
BEGIN:VEVENT
DTSTAMP:20161002T100016Z
SUMMARY:Dodenherdenking (Remembrance of the Dead)
UID:20161002T100016Z-26501-0004-en@katana
RRULE:FREQ=YEARLY;BYMONTHDAY=4;BYMONTH=5
DTSTART;VALUE=DATE:20100504
DTEND;VALUE=DATE:20100505
CATEGORIES:Unofficial Public Holiday
TRANSP:TRANSPARENT
END:VEVENT
BEGIN:VEVENT
DTSTAMP:20161002T100016Z
SUMMARY:Driekoningen (Epiphany)
UID:20161002T100016Z-26501-0005-en@katana
RRULE:FREQ=YEARLY;BYMONTHDAY=6;BYMONTH=1
DTSTART;VALUE=DATE:20100106
DTEND;VALUE=DATE:20100107
CATEGORIES:Unofficial Public Holiday
TRANSP:TRANSPARENT
END:VEVENT
BEGIN:VEVENT
DTSTAMP:20161002T100016Z
SUMMARY:Eerste Kerstdag (Christmas Day)
UID:20161002T100016Z-26501-0006-en@katana
RRULE:FREQ=YEARLY;BYMONTHDAY=25;BYMONTH=12
DTSTART;VALUE=DATE:20101225
DTEND;VALUE=DATE:20101226
CATEGORIES:Public Holiday
TRANSP:TRANSPARENT
END:VEVENT
BEGIN:VEVENT
DTSTAMP:20161002T100016Z
SUMMARY:Gronings Ontzet (Siege of Groningen)
UID:20161002T100016Z-26501-0007-en@katana
RRULE:FREQ=YEARLY;BYMONTHDAY=28;BYMONTH=8
DTSTART;VALUE=DATE:20100828
DTEND;VALUE=DATE:20100829
CATEGORIES:Unofficial Public Holiday
TRANSP:TRANSPARENT
END:VEVENT
BEGIN:VEVENT
DTSTAMP:20161002T100016Z
SUMMARY:Koninginnedag (Queen's Day)
UID:20161002T100016Z-26501-0008-en@katana
RRULE:FREQ=YEARLY;UNTIL=20130430;BYMONTHDAY=30;BYMONTH=4
DTSTART;VALUE=DATE:20100430
DTEND;VALUE=DATE:20100501
CATEGORIES:Public Holiday
TRANSP:TRANSPARENT
END:VEVENT
BEGIN:VEVENT
DTSTAMP:20161002T100016Z
SUMMARY:Leids Ontzet (Siege of Leiden)
UID:20161002T100016Z-26501-0009-en@katana
RRULE:FREQ=YEARLY;BYMONTHDAY=3;BYMONTH=10
DTSTART;VALUE=DATE:20101003
DTEND;VALUE=DATE:20101004
CATEGORIES:Unofficial Public Holiday
TRANSP:TRANSPARENT
END:VEVENT
BEGIN:VEVENT
DTSTAMP:20161002T100016Z
SUMMARY:Moederdag (Mother's Day)
UID:20161002T100016Z-26501-0010-en@katana
RRULE:FREQ=YEARLY;BYDAY=2SU;BYMONTH=5
DTSTART;VALUE=DATE:20100509
DTEND;VALUE=DATE:20100510
CATEGORIES:Unofficial Public Holiday
TRANSP:TRANSPARENT
END:VEVENT
BEGIN:VEVENT
DTSTAMP:20161002T100016Z
SUMMARY:Naturalisatiedag (Naturalisation's Day)
UID:20161002T100016Z-26501-0011-en@katana
RRULE:FREQ=YEARLY;BYMONTHDAY=15;BYMONTH=11
DTSTART;VALUE=DATE:20101115
DTEND;VALUE=DATE:20101116
CATEGORIES:Unofficial Public Holiday
TRANSP:TRANSPARENT
END:VEVENT
BEGIN:VEVENT
DTSTAMP:20161002T100016Z
SUMMARY:Nieuwjaarsdag (New Year's Day)
UID:20161002T100016Z-26501-0012-en@katana
RRULE:FREQ=YEARLY;BYMONTHDAY=1;BYMONTH=1
DTSTART;VALUE=DATE:20100101
DTEND;VALUE=DATE:20100102
CATEGORIES:Public Holiday
TRANSP:TRANSPARENT
END:VEVENT
BEGIN:VEVENT
DTSTAMP:20161002T100016Z
SUMMARY:Oudejaarsavond (New Year's Eve)
UID:20161002T100016Z-26501-0013-en@katana
RRULE:FREQ=YEARLY;BYMONTHDAY=31;BYMONTH=12
DTSTART;VALUE=DATE:20101231
DTEND;VALUE=DATE:20110101
CATEGORIES:Unofficial Public Holiday
TRANSP:TRANSPARENT
END:VEVENT
BEGIN:VEVENT
DTSTAMP:20161002T100016Z
SUMMARY:Pakjesavond (St. Nicholas's Eve)
UID:20161002T100016Z-26501-0014-en@katana
RRULE:FREQ=YEARLY;BYMONTHDAY=5;BYMONTH=12
DTSTART;VALUE=DATE:20101205
DTEND;VALUE=DATE:20101206
CATEGORIES:Unofficial Public Holiday
TRANSP:TRANSPARENT
END:VEVENT
BEGIN:VEVENT
DTSTAMP:20161002T100016Z
SUMMARY:Prinsjesdag (Prince's Day)
UID:20161002T100016Z-26501-0015-en@katana
RRULE:FREQ=YEARLY;BYDAY=3TU;BYMONTH=9
DTSTART;VALUE=DATE:20100921
DTEND;VALUE=DATE:20100922
CATEGORIES:Unofficial Public Holiday
TRANSP:TRANSPARENT
END:VEVENT
BEGIN:VEVENT
DTSTAMP:20161002T100016Z
SUMMARY:Secretaressedag (Administrative Professionals' Day)
UID:20161002T100016Z-26501-0016-en@katana
RRULE:FREQ=YEARLY;BYDAY=3TH;BYMONTH=4
DTSTART;VALUE=DATE:20100415
DTEND;VALUE=DATE:20100416
CATEGORIES:Unofficial Public Holiday
TRANSP:TRANSPARENT
END:VEVENT
BEGIN:VEVENT
DTSTAMP:20161002T100016Z
SUMMARY:Sint-Maarten (St. Martin's Day)
UID:20161002T100016Z-26501-0017-en@katana
RRULE:FREQ=YEARLY;BYMONTHDAY=11;BYMONTH=11
DTSTART;VALUE=DATE:20101111
DTEND;VALUE=DATE:20101112
CATEGORIES:Unofficial Public Holiday
TRANSP:TRANSPARENT
END:VEVENT
BEGIN:VEVENT
DTSTAMP:20161002T100016Z
SUMMARY:Tweede Kerstdag (Boxing Day)
UID:20161002T100016Z-26501-0018-en@katana
RRULE:FREQ=YEARLY;BYMONTHDAY=26;BYMONTH=12
DTSTART;VALUE=DATE:20101226
DTEND;VALUE=DATE:20101227
CATEGORIES:Public Holiday
TRANSP:TRANSPARENT
END:VEVENT
BEGIN:VEVENT
DTSTAMP:20161002T100016Z
SUMMARY:Vaderdag (Father's Day)
UID:20161002T100016Z-26501-0019-en@katana
RRULE:FREQ=YEARLY;BYDAY=3SU;BYMONTH=6
DTSTART;VALUE=DATE:20100620
DTEND;VALUE=DATE:20100621
CATEGORIES:Unofficial Public Holiday
TRANSP:TRANSPARENT
END:VEVENT
BEGIN:VEVENT
DTSTAMP:20161002T100016Z
SUMMARY:Valentijnsdag (Valentine's Day)
UID:20161002T100016Z-26501-0020-en@katana
RRULE:FREQ=YEARLY;BYMONTHDAY=14;BYMONTH=2
DTSTART;VALUE=DATE:20100214
DTEND;VALUE=DATE:20100215
CATEGORIES:Unofficial Public Holiday
TRANSP:TRANSPARENT
END:VEVENT
BEGIN:VEVENT
DTSTAMP:20161002T100016Z
SUMMARY:Veteranendag (Veterans Day)
UID:20161002T100016Z-26501-0021-en@katana
RRULE:FREQ=YEARLY;BYDAY=-1SA;BYMONTH=6
DTSTART;VALUE=DATE:20100626
DTEND;VALUE=DATE:20100627
CATEGORIES:Unofficial Public Holiday
TRANSP:TRANSPARENT
END:VEVENT
BEGIN:VEVENT
DTSTAMP:20161002T100016Z
SUMMARY:Wintertijd - uur achteruit (Winter time)
UID:20161002T100016Z-26501-0022-en@katana
RRULE:FREQ=YEARLY;BYDAY=-1SU;BYMONTH=10
DTSTART;VALUE=DATE:20101031
DTEND;VALUE=DATE:20101101
CATEGORIES:Unofficial Public Holiday
TRANSP:TRANSPARENT
END:VEVENT
BEGIN:VEVENT
DTSTAMP:20161002T100016Z
SUMMARY:Zomertijd - uur vooruit (Summer time)
UID:20161002T100016Z-26501-0023-en@katana
RRULE:FREQ=YEARLY;BYDAY=-1SU;BYMONTH=3
DTSTART;VALUE=DATE:20100328
DTEND;VALUE=DATE:20100329
CATEGORIES:Unofficial Public Holiday
TRANSP:TRANSPARENT
END:VEVENT
BEGIN:VEVENT
DTSTAMP:20161002T100016Z
SUMMARY:Carnaval (Carnival)
UID:20161002T100016Z-26501-0024-en@katana
DTSTART;VALUE=DATE:20100214
DTEND;VALUE=DATE:20100217
CATEGORIES:Unofficial Public Holiday
TRANSP:TRANSPARENT
END:VEVENT
BEGIN:VEVENT
DTSTAMP:20161002T100016Z
SUMMARY:Carnaval (Carnival)
UID:20161002T100016Z-26501-0025-en@katana
DTSTART;VALUE=DATE:20110306
DTEND;VALUE=DATE:20110309
CATEGORIES:Unofficial Public Holiday
TRANSP:TRANSPARENT
END:VEVENT
BEGIN:VEVENT
DTSTAMP:20161002T100016Z
SUMMARY:Carnaval (Carnival)
UID:20161002T100016Z-26501-0026-en@katana
DTSTART;VALUE=DATE:20120219
DTEND;VALUE=DATE:20120222
CATEGORIES:Unofficial Public Holiday
TRANSP:TRANSPARENT
END:VEVENT
BEGIN:VEVENT
DTSTAMP:20161002T100016Z
SUMMARY:Carnaval (Carnival)
UID:20161002T100016Z-26501-0027-en@katana
DTSTART;VALUE=DATE:20130210
DTEND;VALUE=DATE:20130213
CATEGORIES:Unofficial Public Holiday
TRANSP:TRANSPARENT
END:VEVENT
BEGIN:VEVENT
DTSTAMP:20161002T100016Z
SUMMARY:Carnaval (Carnival)
UID:20161002T100016Z-26501-0028-en@katana
DTSTART;VALUE=DATE:20140302
DTEND;VALUE=DATE:20140305
CATEGORIES:Unofficial Public Holiday
TRANSP:TRANSPARENT
END:VEVENT
BEGIN:VEVENT
DTSTAMP:20161002T100016Z
SUMMARY:Carnaval (Carnival)
UID:20161002T100016Z-26501-0029-en@katana
DTSTART;VALUE=DATE:20150215
DTEND;VALUE=DATE:20150218
CATEGORIES:Unofficial Public Holiday
TRANSP:TRANSPARENT
END:VEVENT
BEGIN:VEVENT
DTSTAMP:20161002T100016Z
SUMMARY:Carnaval (Carnival)
UID:20161002T100016Z-26501-0030-en@katana
DTSTART;VALUE=DATE:20160207
DTEND;VALUE=DATE:20160210
CATEGORIES:Unofficial Public Holiday
TRANSP:TRANSPARENT
END:VEVENT
BEGIN:VEVENT
DTSTAMP:20161002T100016Z
SUMMARY:Carnaval (Carnival)
UID:20161002T100016Z-26501-0031-en@katana
DTSTART;VALUE=DATE:20170226
DTEND;VALUE=DATE:20170301
CATEGORIES:Unofficial Public Holiday
TRANSP:TRANSPARENT
END:VEVENT
BEGIN:VEVENT
DTSTAMP:20161002T100016Z
SUMMARY:Carnaval (Carnival)
UID:20161002T100016Z-26501-0032-en@katana
DTSTART;VALUE=DATE:20180211
DTEND;VALUE=DATE:20180214
CATEGORIES:Unofficial Public Holiday
TRANSP:TRANSPARENT
END:VEVENT
BEGIN:VEVENT
DTSTAMP:20161002T100016Z
SUMMARY:Carnaval (Carnival)
UID:20161002T100016Z-26501-0033-en@katana
DTSTART;VALUE=DATE:20190303
DTEND;VALUE=DATE:20190306
CATEGORIES:Unofficial Public Holiday
TRANSP:TRANSPARENT
END:VEVENT
BEGIN:VEVENT
DTSTAMP:20161002T100016Z
SUMMARY:Carnaval (Carnival)
UID:20161002T100016Z-26501-0034-en@katana
DTSTART;VALUE=DATE:20200223
DTEND;VALUE=DATE:20200226
CATEGORIES:Unofficial Public Holiday
TRANSP:TRANSPARENT
END:VEVENT
BEGIN:VEVENT
DTSTAMP:20161002T100016Z
SUMMARY:Carnaval (Carnival)
UID:20161002T100016Z-26501-0035-en@katana
DTSTART;VALUE=DATE:20210214
DTEND;VALUE=DATE:20210217
CATEGORIES:Unofficial Public Holiday
TRANSP:TRANSPARENT
END:VEVENT
BEGIN:VEVENT
DTSTAMP:20161002T100016Z
SUMMARY:Carnaval (Carnival)
UID:20161002T100016Z-26501-0036-en@katana
DTSTART;VALUE=DATE:20220227
DTEND;VALUE=DATE:20220302
CATEGORIES:Unofficial Public Holiday
TRANSP:TRANSPARENT
END:VEVENT
BEGIN:VEVENT
DTSTAMP:20161002T100016Z
SUMMARY:Carnaval (Carnival)
UID:20161002T100016Z-26501-0037-en@katana
DTSTART;VALUE=DATE:20230219
DTEND;VALUE=DATE:20230222
CATEGORIES:Unofficial Public Holiday
TRANSP:TRANSPARENT
END:VEVENT
BEGIN:VEVENT
DTSTAMP:20161002T100016Z
SUMMARY:Carnaval (Carnival)
UID:20161002T100016Z-26501-0038-en@katana
DTSTART;VALUE=DATE:20240211
DTEND;VALUE=DATE:20240214
CATEGORIES:Unofficial Public Holiday
TRANSP:TRANSPARENT
END:VEVENT
BEGIN:VEVENT
DTSTAMP:20161002T100016Z
SUMMARY:Carnaval (Carnival)
UID:20161002T100016Z-26501-0039-en@katana
DTSTART;VALUE=DATE:20250302
DTEND;VALUE=DATE:20250305
CATEGORIES:Unofficial Public Holiday
TRANSP:TRANSPARENT
END:VEVENT
BEGIN:VEVENT
DTSTAMP:20161002T100016Z
SUMMARY:Carnaval (Carnival)
UID:20161002T100016Z-26501-0040-en@katana
DTSTART;VALUE=DATE:20260215
DTEND;VALUE=DATE:20260218
CATEGORIES:Unofficial Public Holiday
TRANSP:TRANSPARENT
END:VEVENT
BEGIN:VEVENT
DTSTAMP:20161002T100016Z
SUMMARY:Carnaval (Carnival)
UID:20161002T100016Z-26501-0041-en@katana
DTSTART;VALUE=DATE:20270207
DTEND;VALUE=DATE:20270210
CATEGORIES:Unofficial Public Holiday
TRANSP:TRANSPARENT
END:VEVENT
BEGIN:VEVENT
DTSTAMP:20161002T100016Z
SUMMARY:Carnaval (Carnival)
UID:20161002T100016Z-26501-0042-en@katana
DTSTART;VALUE=DATE:20280227
DTEND;VALUE=DATE:20280301
CATEGORIES:Unofficial Public Holiday
TRANSP:TRANSPARENT
END:VEVENT
BEGIN:VEVENT
DTSTAMP:20161002T100016Z
SUMMARY:Carnaval (Carnival)
UID:20161002T100016Z-26501-0043-en@katana
DTSTART;VALUE=DATE:20290211
DTEND;VALUE=DATE:20290214
CATEGORIES:Unofficial Public Holiday
TRANSP:TRANSPARENT
END:VEVENT
BEGIN:VEVENT
DTSTAMP:20161002T100016Z
SUMMARY:Carnaval (Carnival)
UID:20161002T100016Z-26501-0044-en@katana
DTSTART;VALUE=DATE:20300303
DTEND;VALUE=DATE:20300306
CATEGORIES:Unofficial Public Holiday
TRANSP:TRANSPARENT
END:VEVENT
BEGIN:VEVENT
DTSTAMP:20161002T100016Z
SUMMARY:Carnaval (Carnival)
UID:20161002T100016Z-26501-0045-en@katana
DTSTART;VALUE=DATE:20310223
DTEND;VALUE=DATE:20310226
CATEGORIES:Unofficial Public Holiday
TRANSP:TRANSPARENT
END:VEVENT
BEGIN:VEVENT
DTSTAMP:20161002T100016Z
SUMMARY:Carnaval (Carnival)
UID:20161002T100016Z-26501-0046-en@katana
DTSTART;VALUE=DATE:20320208
DTEND;VALUE=DATE:20320211
CATEGORIES:Unofficial Public Holiday
TRANSP:TRANSPARENT
END:VEVENT
BEGIN:VEVENT
DTSTAMP:20161002T100016Z
SUMMARY:Carnaval (Carnival)
UID:20161002T100016Z-26501-0047-en@katana
DTSTART;VALUE=DATE:20330227
DTEND;VALUE=DATE:20330302
CATEGORIES:Unofficial Public Holiday
TRANSP:TRANSPARENT
END:VEVENT
BEGIN:VEVENT
DTSTAMP:20161002T100016Z
SUMMARY:Carnaval (Carnival)
UID:20161002T100016Z-26501-0048-en@katana
DTSTART;VALUE=DATE:20340219
DTEND;VALUE=DATE:20340222
CATEGORIES:Unofficial Public Holiday
TRANSP:TRANSPARENT
END:VEVENT
BEGIN:VEVENT
DTSTAMP:20161002T100016Z
SUMMARY:Carnaval (Carnival)
UID:20161002T100016Z-26501-0049-en@katana
DTSTART;VALUE=DATE:20350204
DTEND;VALUE=DATE:20350207
CATEGORIES:Unofficial Public Holiday
TRANSP:TRANSPARENT
END:VEVENT
BEGIN:VEVENT
DTSTAMP:20161002T100016Z
SUMMARY:Carnaval (Carnival)
UID:20161002T100016Z-26501-0050-en@katana
DTSTART;VALUE=DATE:20360224
DTEND;VALUE=DATE:20360227
CATEGORIES:Unofficial Public Holiday
TRANSP:TRANSPARENT
END:VEVENT
BEGIN:VEVENT
DTSTAMP:20161002T100016Z
SUMMARY:Carnaval (Carnival)
UID:20161002T100016Z-26501-0051-en@katana
DTSTART;VALUE=DATE:20370215
DTEND;VALUE=DATE:20370218
CATEGORIES:Unofficial Public Holiday
TRANSP:TRANSPARENT
END:VEVENT
BEGIN:VEVENT
DTSTAMP:20161002T100016Z
SUMMARY:Carnaval (Carnival)
UID:20161002T100016Z-26501-0052-en@katana
DTSTART;VALUE=DATE:20380307
DTEND;VALUE=DATE:20380310
CATEGORIES:Unofficial Public Holiday
TRANSP:TRANSPARENT
END:VEVENT
BEGIN:VEVENT
DTSTAMP:20161002T100016Z
SUMMARY:Carnaval (Carnival)
UID:20161002T100016Z-26501-0053-en@katana
DTSTART;VALUE=DATE:20390220
DTEND;VALUE=DATE:20390223
CATEGORIES:Unofficial Public Holiday
TRANSP:TRANSPARENT
END:VEVENT
BEGIN:VEVENT
DTSTAMP:20161002T100016Z
SUMMARY:Carnaval (Carnival)
UID:20161002T100016Z-26501-0054-en@katana
DTSTART;VALUE=DATE:20400212
DTEND;VALUE=DATE:20400215
CATEGORIES:Unofficial Public Holiday
TRANSP:TRANSPARENT
END:VEVENT
BEGIN:VEVENT
DTSTAMP:20161002T100016Z
SUMMARY:Carnaval (Carnival)
UID:20161002T100016Z-26501-0055-en@katana
DTSTART;VALUE=DATE:20410303
DTEND;VALUE=DATE:20410306
CATEGORIES:Unofficial Public Holiday
TRANSP:TRANSPARENT
END:VEVENT
BEGIN:VEVENT
DTSTAMP:20161002T100016Z
SUMMARY:Carnaval (Carnival)
UID:20161002T100016Z-26501-0056-en@katana
DTSTART;VALUE=DATE:20420216
DTEND;VALUE=DATE:20420219
CATEGORIES:Unofficial Public Holiday
TRANSP:TRANSPARENT
END:VEVENT
BEGIN:VEVENT
DTSTAMP:20161002T100016Z
SUMMARY:Carnaval (Carnival)
UID:20161002T100016Z-26501-0057-en@katana
DTSTART;VALUE=DATE:20430208
DTEND;VALUE=DATE:20430211
CATEGORIES:Unofficial Public Holiday
TRANSP:TRANSPARENT
END:VEVENT
BEGIN:VEVENT
DTSTAMP:20161002T100016Z
SUMMARY:Carnaval (Carnival)
UID:20161002T100016Z-26501-0058-en@katana
DTSTART;VALUE=DATE:20440228
DTEND;VALUE=DATE:20440302
CATEGORIES:Unofficial Public Holiday
TRANSP:TRANSPARENT
END:VEVENT
BEGIN:VEVENT
DTSTAMP:20161002T100016Z
SUMMARY:Carnaval (Carnival)
UID:20161002T100016Z-26501-0059-en@katana
DTSTART;VALUE=DATE:20450219
DTEND;VALUE=DATE:20450222
CATEGORIES:Unofficial Public Holiday
TRANSP:TRANSPARENT
END:VEVENT
BEGIN:VEVENT
DTSTAMP:20161002T100016Z
SUMMARY:Carnaval (Carnival)
UID:20161002T100016Z-26501-0060-en@katana
DTSTART;VALUE=DATE:20460204
DTEND;VALUE=DATE:20460207
CATEGORIES:Unofficial Public Holiday
TRANSP:TRANSPARENT
END:VEVENT
BEGIN:VEVENT
DTSTAMP:20161002T100016Z
SUMMARY:Carnaval (Carnival)
UID:20161002T100016Z-26501-0061-en@katana
DTSTART;VALUE=DATE:20470224
DTEND;VALUE=DATE:20470227
CATEGORIES:Unofficial Public Holiday
TRANSP:TRANSPARENT
END:VEVENT
BEGIN:VEVENT
DTSTAMP:20161002T100016Z
SUMMARY:Carnaval (Carnival)
UID:20161002T100016Z-26501-0062-en@katana
DTSTART;VALUE=DATE:20480216
DTEND;VALUE=DATE:20480219
CATEGORIES:Unofficial Public Holiday
TRANSP:TRANSPARENT
END:VEVENT
BEGIN:VEVENT
DTSTAMP:20161002T100016Z
SUMMARY:Carnaval (Carnival)
UID:20161002T100016Z-26501-0063-en@katana
DTSTART;VALUE=DATE:20490228
DTEND;VALUE=DATE:20490303
CATEGORIES:Unofficial Public Holiday
TRANSP:TRANSPARENT
END:VEVENT
BEGIN:VEVENT
DTSTAMP:20161002T100016Z
SUMMARY:Carnaval (Carnival)
UID:20161002T100016Z-26501-0064-en@katana
DTSTART;VALUE=DATE:20500220
DTEND;VALUE=DATE:20500223
CATEGORIES:Unofficial Public Holiday
TRANSP:TRANSPARENT
END:VEVENT
BEGIN:VEVENT
DTSTAMP:20161002T100016Z
SUMMARY:Eerste Paasdag (Easter Sunday)
UID:20161002T100016Z-26501-0065-en@katana
DTSTART;VALUE=DATE:20100404
DTEND;VALUE=DATE:20100405
CATEGORIES:Public Holiday
TRANSP:TRANSPARENT
END:VEVENT
BEGIN:VEVENT
DTSTAMP:20161002T100016Z
SUMMARY:Eerste Paasdag (Easter Sunday)
UID:20161002T100016Z-26501-0066-en@katana
DTSTART;VALUE=DATE:20110424
DTEND;VALUE=DATE:20110425
CATEGORIES:Public Holiday
TRANSP:TRANSPARENT
END:VEVENT
BEGIN:VEVENT
DTSTAMP:20161002T100016Z
SUMMARY:Eerste Paasdag (Easter Sunday)
UID:20161002T100016Z-26501-0067-en@katana
DTSTART;VALUE=DATE:20120408
DTEND;VALUE=DATE:20120409
CATEGORIES:Public Holiday
TRANSP:TRANSPARENT
END:VEVENT
BEGIN:VEVENT
DTSTAMP:20161002T100016Z
SUMMARY:Eerste Paasdag (Easter Sunday)
UID:20161002T100016Z-26501-0068-en@katana
DTSTART;VALUE=DATE:20130331
DTEND;VALUE=DATE:20130401
CATEGORIES:Public Holiday
TRANSP:TRANSPARENT
END:VEVENT
BEGIN:VEVENT
DTSTAMP:20161002T100016Z
SUMMARY:Eerste Paasdag (Easter Sunday)
UID:20161002T100016Z-26501-0069-en@katana
DTSTART;VALUE=DATE:20140420
DTEND;VALUE=DATE:20140421
CATEGORIES:Public Holiday
TRANSP:TRANSPARENT
END:VEVENT
BEGIN:VEVENT
DTSTAMP:20161002T100016Z
SUMMARY:Eerste Paasdag (Easter Sunday)
UID:20161002T100016Z-26501-0070-en@katana
DTSTART;VALUE=DATE:20150405
DTEND;VALUE=DATE:20150406
CATEGORIES:Public Holiday
TRANSP:TRANSPARENT
END:VEVENT
BEGIN:VEVENT
DTSTAMP:20161002T100016Z
SUMMARY:Eerste Paasdag (Easter Sunday)
UID:20161002T100016Z-26501-0071-en@katana
DTSTART;VALUE=DATE:20160327
DTEND;VALUE=DATE:20160328
CATEGORIES:Public Holiday
TRANSP:TRANSPARENT
END:VEVENT
BEGIN:VEVENT
DTSTAMP:20161002T100016Z
SUMMARY:Eerste Paasdag (Easter Sunday)
UID:20161002T100016Z-26501-0072-en@katana
DTSTART;VALUE=DATE:20170416
DTEND;VALUE=DATE:20170417
CATEGORIES:Public Holiday
TRANSP:TRANSPARENT
END:VEVENT
BEGIN:VEVENT
DTSTAMP:20161002T100016Z
SUMMARY:Eerste Paasdag (Easter Sunday)
UID:20161002T100016Z-26501-0073-en@katana
DTSTART;VALUE=DATE:20180401
DTEND;VALUE=DATE:20180402
CATEGORIES:Public Holiday
TRANSP:TRANSPARENT
END:VEVENT
BEGIN:VEVENT
DTSTAMP:20161002T100016Z
SUMMARY:Eerste Paasdag (Easter Sunday)
UID:20161002T100016Z-26501-0074-en@katana
DTSTART;VALUE=DATE:20190421
DTEND;VALUE=DATE:20190422
CATEGORIES:Public Holiday
TRANSP:TRANSPARENT
END:VEVENT
BEGIN:VEVENT
DTSTAMP:20161002T100016Z
SUMMARY:Eerste Paasdag (Easter Sunday)
UID:20161002T100016Z-26501-0075-en@katana
DTSTART;VALUE=DATE:20200412
DTEND;VALUE=DATE:20200413
CATEGORIES:Public Holiday
TRANSP:TRANSPARENT
END:VEVENT
BEGIN:VEVENT
DTSTAMP:20161002T100016Z
SUMMARY:Eerste Paasdag (Easter Sunday)
UID:20161002T100016Z-26501-0076-en@katana
DTSTART;VALUE=DATE:20210404
DTEND;VALUE=DATE:20210405
CATEGORIES:Public Holiday
TRANSP:TRANSPARENT
END:VEVENT
BEGIN:VEVENT
DTSTAMP:20161002T100016Z
SUMMARY:Eerste Paasdag (Easter Sunday)
UID:20161002T100016Z-26501-0077-en@katana
DTSTART;VALUE=DATE:20220417
DTEND;VALUE=DATE:20220418
CATEGORIES:Public Holiday
TRANSP:TRANSPARENT
END:VEVENT
BEGIN:VEVENT
DTSTAMP:20161002T100016Z
SUMMARY:Eerste Paasdag (Easter Sunday)
UID:20161002T100016Z-26501-0078-en@katana
DTSTART;VALUE=DATE:20230409
DTEND;VALUE=DATE:20230410
CATEGORIES:Public Holiday
TRANSP:TRANSPARENT
END:VEVENT
BEGIN:VEVENT
DTSTAMP:20161002T100016Z
SUMMARY:Eerste Paasdag (Easter Sunday)
UID:20161002T100016Z-26501-0079-en@katana
DTSTART;VALUE=DATE:20240331
DTEND;VALUE=DATE:20240401
CATEGORIES:Public Holiday
TRANSP:TRANSPARENT
END:VEVENT
BEGIN:VEVENT
DTSTAMP:20161002T100016Z
SUMMARY:Eerste Paasdag (Easter Sunday)
UID:20161002T100016Z-26501-0080-en@katana
DTSTART;VALUE=DATE:20250420
DTEND;VALUE=DATE:20250421
CATEGORIES:Public Holiday
TRANSP:TRANSPARENT
END:VEVENT
BEGIN:VEVENT
DTSTAMP:20161002T100016Z
SUMMARY:Eerste Paasdag (Easter Sunday)
UID:20161002T100016Z-26501-0081-en@katana
DTSTART;VALUE=DATE:20260405
DTEND;VALUE=DATE:20260406
CATEGORIES:Public Holiday
TRANSP:TRANSPARENT
END:VEVENT
BEGIN:VEVENT
DTSTAMP:20161002T100016Z
SUMMARY:Eerste Paasdag (Easter Sunday)
UID:20161002T100016Z-26501-0082-en@katana
DTSTART;VALUE=DATE:20270328
DTEND;VALUE=DATE:20270329
CATEGORIES:Public Holiday
TRANSP:TRANSPARENT
END:VEVENT
BEGIN:VEVENT
DTSTAMP:20161002T100016Z
SUMMARY:Eerste Paasdag (Easter Sunday)
UID:20161002T100016Z-26501-0083-en@katana
DTSTART;VALUE=DATE:20280416
DTEND;VALUE=DATE:20280417
CATEGORIES:Public Holiday
TRANSP:TRANSPARENT
END:VEVENT
BEGIN:VEVENT
DTSTAMP:20161002T100016Z
SUMMARY:Eerste Paasdag (Easter Sunday)
UID:20161002T100016Z-26501-0084-en@katana
DTSTART;VALUE=DATE:20290401
DTEND;VALUE=DATE:20290402
CATEGORIES:Public Holiday
TRANSP:TRANSPARENT
END:VEVENT
BEGIN:VEVENT
DTSTAMP:20161002T100016Z
SUMMARY:Eerste Paasdag (Easter Sunday)
UID:20161002T100016Z-26501-0085-en@katana
DTSTART;VALUE=DATE:20300421
DTEND;VALUE=DATE:20300422
CATEGORIES:Public Holiday
TRANSP:TRANSPARENT
END:VEVENT
BEGIN:VEVENT
DTSTAMP:20161002T100016Z
SUMMARY:Eerste Paasdag (Easter Sunday)
UID:20161002T100016Z-26501-0086-en@katana
DTSTART;VALUE=DATE:20310413
DTEND;VALUE=DATE:20310414
CATEGORIES:Public Holiday
TRANSP:TRANSPARENT
END:VEVENT
BEGIN:VEVENT
DTSTAMP:20161002T100016Z
SUMMARY:Eerste Paasdag (Easter Sunday)
UID:20161002T100016Z-26501-0087-en@katana
DTSTART;VALUE=DATE:20320328
DTEND;VALUE=DATE:20320329
CATEGORIES:Public Holiday
TRANSP:TRANSPARENT
END:VEVENT
BEGIN:VEVENT
DTSTAMP:20161002T100016Z
SUMMARY:Eerste Paasdag (Easter Sunday)
UID:20161002T100016Z-26501-0088-en@katana
DTSTART;VALUE=DATE:20330417
DTEND;VALUE=DATE:20330418
CATEGORIES:Public Holiday
TRANSP:TRANSPARENT
END:VEVENT
BEGIN:VEVENT
DTSTAMP:20161002T100016Z
SUMMARY:Eerste Paasdag (Easter Sunday)
UID:20161002T100016Z-26501-0089-en@katana
DTSTART;VALUE=DATE:20340409
DTEND;VALUE=DATE:20340410
CATEGORIES:Public Holiday
TRANSP:TRANSPARENT
END:VEVENT
BEGIN:VEVENT
DTSTAMP:20161002T100016Z
SUMMARY:Eerste Paasdag (Easter Sunday)
UID:20161002T100016Z-26501-0090-en@katana
DTSTART;VALUE=DATE:20350325
DTEND;VALUE=DATE:20350326
CATEGORIES:Public Holiday
TRANSP:TRANSPARENT
END:VEVENT
BEGIN:VEVENT
DTSTAMP:20161002T100016Z
SUMMARY:Eerste Paasdag (Easter Sunday)
UID:20161002T100016Z-26501-0091-en@katana
DTSTART;VALUE=DATE:20360413
DTEND;VALUE=DATE:20360414
CATEGORIES:Public Holiday
TRANSP:TRANSPARENT
END:VEVENT
BEGIN:VEVENT
DTSTAMP:20161002T100016Z
SUMMARY:Eerste Paasdag (Easter Sunday)
UID:20161002T100016Z-26501-0092-en@katana
DTSTART;VALUE=DATE:20370405
DTEND;VALUE=DATE:20370406
CATEGORIES:Public Holiday
TRANSP:TRANSPARENT
END:VEVENT
BEGIN:VEVENT
DTSTAMP:20161002T100016Z
SUMMARY:Eerste Paasdag (Easter Sunday)
UID:20161002T100016Z-26501-0093-en@katana
DTSTART;VALUE=DATE:20380425
DTEND;VALUE=DATE:20380426
CATEGORIES:Public Holiday
TRANSP:TRANSPARENT
END:VEVENT
BEGIN:VEVENT
DTSTAMP:20161002T100016Z
SUMMARY:Eerste Paasdag (Easter Sunday)
UID:20161002T100016Z-26501-0094-en@katana
DTSTART;VALUE=DATE:20390410
DTEND;VALUE=DATE:20390411
CATEGORIES:Public Holiday
TRANSP:TRANSPARENT
END:VEVENT
BEGIN:VEVENT
DTSTAMP:20161002T100016Z
SUMMARY:Eerste Paasdag (Easter Sunday)
UID:20161002T100016Z-26501-0095-en@katana
DTSTART;VALUE=DATE:20400401
DTEND;VALUE=DATE:20400402
CATEGORIES:Public Holiday
TRANSP:TRANSPARENT
END:VEVENT
BEGIN:VEVENT
DTSTAMP:20161002T100016Z
SUMMARY:Eerste Paasdag (Easter Sunday)
UID:20161002T100016Z-26501-0096-en@katana
DTSTART;VALUE=DATE:20410421
DTEND;VALUE=DATE:20410422
CATEGORIES:Public Holiday
TRANSP:TRANSPARENT
END:VEVENT
BEGIN:VEVENT
DTSTAMP:20161002T100016Z
SUMMARY:Eerste Paasdag (Easter Sunday)
UID:20161002T100016Z-26501-0097-en@katana
DTSTART;VALUE=DATE:20420406
DTEND;VALUE=DATE:20420407
CATEGORIES:Public Holiday
TRANSP:TRANSPARENT
END:VEVENT
BEGIN:VEVENT
DTSTAMP:20161002T100016Z
SUMMARY:Eerste Paasdag (Easter Sunday)
UID:20161002T100016Z-26501-0098-en@katana
DTSTART;VALUE=DATE:20430329
DTEND;VALUE=DATE:20430330
CATEGORIES:Public Holiday
TRANSP:TRANSPARENT
END:VEVENT
BEGIN:VEVENT
DTSTAMP:20161002T100016Z
SUMMARY:Eerste Paasdag (Easter Sunday)
UID:20161002T100016Z-26501-0099-en@katana
DTSTART;VALUE=DATE:20440417
DTEND;VALUE=DATE:20440418
CATEGORIES:Public Holiday
TRANSP:TRANSPARENT
END:VEVENT
BEGIN:VEVENT
DTSTAMP:20161002T100016Z
SUMMARY:Eerste Paasdag (Easter Sunday)
UID:20161002T100016Z-26501-0100-en@katana
DTSTART;VALUE=DATE:20450409
DTEND;VALUE=DATE:20450410
CATEGORIES:Public Holiday
TRANSP:TRANSPARENT
END:VEVENT
BEGIN:VEVENT
DTSTAMP:20161002T100016Z
SUMMARY:Eerste Paasdag (Easter Sunday)
UID:20161002T100016Z-26501-0101-en@katana
DTSTART;VALUE=DATE:20460325
DTEND;VALUE=DATE:20460326
CATEGORIES:Public Holiday
TRANSP:TRANSPARENT
END:VEVENT
BEGIN:VEVENT
DTSTAMP:20161002T100016Z
SUMMARY:Eerste Paasdag (Easter Sunday)
UID:20161002T100016Z-26501-0102-en@katana
DTSTART;VALUE=DATE:20470414
DTEND;VALUE=DATE:20470415
CATEGORIES:Public Holiday
TRANSP:TRANSPARENT
END:VEVENT
BEGIN:VEVENT
DTSTAMP:20161002T100016Z
SUMMARY:Eerste Paasdag (Easter Sunday)
UID:20161002T100016Z-26501-0103-en@katana
DTSTART;VALUE=DATE:20480405
DTEND;VALUE=DATE:20480406
CATEGORIES:Public Holiday
TRANSP:TRANSPARENT
END:VEVENT
BEGIN:VEVENT
DTSTAMP:20161002T100016Z
SUMMARY:Eerste Paasdag (Easter Sunday)
UID:20161002T100016Z-26501-0104-en@katana
DTSTART;VALUE=DATE:20490418
DTEND;VALUE=DATE:20490419
CATEGORIES:Public Holiday
TRANSP:TRANSPARENT
END:VEVENT
BEGIN:VEVENT
DTSTAMP:20161002T100016Z
SUMMARY:Eerste Paasdag (Easter Sunday)
UID:20161002T100016Z-26501-0105-en@katana
DTSTART;VALUE=DATE:20500410
DTEND;VALUE=DATE:20500411
CATEGORIES:Public Holiday
TRANSP:TRANSPARENT
END:VEVENT
BEGIN:VEVENT
DTSTAMP:20161002T100016Z
SUMMARY:Eerste Pinksterdag (Pentecost Sunday)
UID:20161002T100016Z-26501-0106-en@katana
DTSTART;VALUE=DATE:20100523
DTEND;VALUE=DATE:20100524
CATEGORIES:Public Holiday
TRANSP:TRANSPARENT
END:VEVENT
BEGIN:VEVENT
DTSTAMP:20161002T100016Z
SUMMARY:Eerste Pinksterdag (Pentecost Sunday)
UID:20161002T100016Z-26501-0107-en@katana
DTSTART;VALUE=DATE:20110612
DTEND;VALUE=DATE:20110613
CATEGORIES:Public Holiday
TRANSP:TRANSPARENT
END:VEVENT
BEGIN:VEVENT
DTSTAMP:20161002T100016Z
SUMMARY:Eerste Pinksterdag (Pentecost Sunday)
UID:20161002T100016Z-26501-0108-en@katana
DTSTART;VALUE=DATE:20120527
DTEND;VALUE=DATE:20120528
CATEGORIES:Public Holiday
TRANSP:TRANSPARENT
END:VEVENT
BEGIN:VEVENT
DTSTAMP:20161002T100016Z
SUMMARY:Eerste Pinksterdag (Pentecost Sunday)
UID:20161002T100016Z-26501-0109-en@katana
DTSTART;VALUE=DATE:20130519
DTEND;VALUE=DATE:20130520
CATEGORIES:Public Holiday
TRANSP:TRANSPARENT
END:VEVENT
BEGIN:VEVENT
DTSTAMP:20161002T100016Z
SUMMARY:Eerste Pinksterdag (Pentecost Sunday)
UID:20161002T100016Z-26501-0110-en@katana
DTSTART;VALUE=DATE:20140608
DTEND;VALUE=DATE:20140609
CATEGORIES:Public Holiday
TRANSP:TRANSPARENT
END:VEVENT
BEGIN:VEVENT
DTSTAMP:20161002T100016Z
SUMMARY:Eerste Pinksterdag (Pentecost Sunday)
UID:20161002T100016Z-26501-0111-en@katana
DTSTART;VALUE=DATE:20150524
DTEND;VALUE=DATE:20150525
CATEGORIES:Public Holiday
TRANSP:TRANSPARENT
END:VEVENT
BEGIN:VEVENT
DTSTAMP:20161002T100016Z
SUMMARY:Eerste Pinksterdag (Pentecost Sunday)
UID:20161002T100016Z-26501-0112-en@katana
DTSTART;VALUE=DATE:20160515
DTEND;VALUE=DATE:20160516
CATEGORIES:Public Holiday
TRANSP:TRANSPARENT
END:VEVENT
BEGIN:VEVENT
DTSTAMP:20161002T100016Z
SUMMARY:Eerste Pinksterdag (Pentecost Sunday)
UID:20161002T100016Z-26501-0113-en@katana
DTSTART;VALUE=DATE:20170604
DTEND;VALUE=DATE:20170605
CATEGORIES:Public Holiday
TRANSP:TRANSPARENT
END:VEVENT
BEGIN:VEVENT
DTSTAMP:20161002T100016Z
SUMMARY:Eerste Pinksterdag (Pentecost Sunday)
UID:20161002T100016Z-26501-0114-en@katana
DTSTART;VALUE=DATE:20180520
DTEND;VALUE=DATE:20180521
CATEGORIES:Public Holiday
TRANSP:TRANSPARENT
END:VEVENT
BEGIN:VEVENT
DTSTAMP:20161002T100016Z
SUMMARY:Eerste Pinksterdag (Pentecost Sunday)
UID:20161002T100016Z-26501-0115-en@katana
DTSTART;VALUE=DATE:20190609
DTEND;VALUE=DATE:20190610
CATEGORIES:Public Holiday
TRANSP:TRANSPARENT
END:VEVENT
BEGIN:VEVENT
DTSTAMP:20161002T100016Z
SUMMARY:Eerste Pinksterdag (Pentecost Sunday)
UID:20161002T100016Z-26501-0116-en@katana
DTSTART;VALUE=DATE:20200531
DTEND;VALUE=DATE:20200601
CATEGORIES:Public Holiday
TRANSP:TRANSPARENT
END:VEVENT
BEGIN:VEVENT
DTSTAMP:20161002T100016Z
SUMMARY:Eerste Pinksterdag (Pentecost Sunday)
UID:20161002T100016Z-26501-0117-en@katana
DTSTART;VALUE=DATE:20210523
DTEND;VALUE=DATE:20210524
CATEGORIES:Public Holiday
TRANSP:TRANSPARENT
END:VEVENT
BEGIN:VEVENT
DTSTAMP:20161002T100016Z
SUMMARY:Eerste Pinksterdag (Pentecost Sunday)
UID:20161002T100016Z-26501-0118-en@katana
DTSTART;VALUE=DATE:20220605
DTEND;VALUE=DATE:20220606
CATEGORIES:Public Holiday
TRANSP:TRANSPARENT
END:VEVENT
BEGIN:VEVENT
DTSTAMP:20161002T100016Z
SUMMARY:Eerste Pinksterdag (Pentecost Sunday)
UID:20161002T100016Z-26501-0119-en@katana
DTSTART;VALUE=DATE:20230528
DTEND;VALUE=DATE:20230529
CATEGORIES:Public Holiday
TRANSP:TRANSPARENT
END:VEVENT
BEGIN:VEVENT
DTSTAMP:20161002T100016Z
SUMMARY:Eerste Pinksterdag (Pentecost Sunday)
UID:20161002T100016Z-26501-0120-en@katana
DTSTART;VALUE=DATE:20240519
DTEND;VALUE=DATE:20240520
CATEGORIES:Public Holiday
TRANSP:TRANSPARENT
END:VEVENT
BEGIN:VEVENT
DTSTAMP:20161002T100016Z
SUMMARY:Eerste Pinksterdag (Pentecost Sunday)
UID:20161002T100016Z-26501-0121-en@katana
DTSTART;VALUE=DATE:20250608
DTEND;VALUE=DATE:20250609
CATEGORIES:Public Holiday
TRANSP:TRANSPARENT
END:VEVENT
BEGIN:VEVENT
DTSTAMP:20161002T100016Z
SUMMARY:Eerste Pinksterdag (Pentecost Sunday)
UID:20161002T100016Z-26501-0122-en@katana
DTSTART;VALUE=DATE:20260524
DTEND;VALUE=DATE:20260525
CATEGORIES:Public Holiday
TRANSP:TRANSPARENT
END:VEVENT
BEGIN:VEVENT
DTSTAMP:20161002T100016Z
SUMMARY:Eerste Pinksterdag (Pentecost Sunday)
UID:20161002T100016Z-26501-0123-en@katana
DTSTART;VALUE=DATE:20270516
DTEND;VALUE=DATE:20270517
CATEGORIES:Public Holiday
TRANSP:TRANSPARENT
END:VEVENT
BEGIN:VEVENT
DTSTAMP:20161002T100016Z
SUMMARY:Eerste Pinksterdag (Pentecost Sunday)
UID:20161002T100016Z-26501-0124-en@katana
DTSTART;VALUE=DATE:20280604
DTEND;VALUE=DATE:20280605
CATEGORIES:Public Holiday
TRANSP:TRANSPARENT
END:VEVENT
BEGIN:VEVENT
DTSTAMP:20161002T100016Z
SUMMARY:Eerste Pinksterdag (Pentecost Sunday)
UID:20161002T100016Z-26501-0125-en@katana
DTSTART;VALUE=DATE:20290520
DTEND;VALUE=DATE:20290521
CATEGORIES:Public Holiday
TRANSP:TRANSPARENT
END:VEVENT
BEGIN:VEVENT
DTSTAMP:20161002T100016Z
SUMMARY:Eerste Pinksterdag (Pentecost Sunday)
UID:20161002T100016Z-26501-0126-en@katana
DTSTART;VALUE=DATE:20300609
DTEND;VALUE=DATE:20300610
CATEGORIES:Public Holiday
TRANSP:TRANSPARENT
END:VEVENT
BEGIN:VEVENT
DTSTAMP:20161002T100016Z
SUMMARY:Eerste Pinksterdag (Pentecost Sunday)
UID:20161002T100016Z-26501-0127-en@katana
DTSTART;VALUE=DATE:20310601
DTEND;VALUE=DATE:20310602
CATEGORIES:Public Holiday
TRANSP:TRANSPARENT
END:VEVENT
BEGIN:VEVENT
DTSTAMP:20161002T100016Z
SUMMARY:Eerste Pinksterdag (Pentecost Sunday)
UID:20161002T100016Z-26501-0128-en@katana
DTSTART;VALUE=DATE:20320516
DTEND;VALUE=DATE:20320517
CATEGORIES:Public Holiday
TRANSP:TRANSPARENT
END:VEVENT
BEGIN:VEVENT
DTSTAMP:20161002T100016Z
SUMMARY:Eerste Pinksterdag (Pentecost Sunday)
UID:20161002T100016Z-26501-0129-en@katana
DTSTART;VALUE=DATE:20330605
DTEND;VALUE=DATE:20330606
CATEGORIES:Public Holiday
TRANSP:TRANSPARENT
END:VEVENT
BEGIN:VEVENT
DTSTAMP:20161002T100016Z
SUMMARY:Eerste Pinksterdag (Pentecost Sunday)
UID:20161002T100016Z-26501-0130-en@katana
DTSTART;VALUE=DATE:20340528
DTEND;VALUE=DATE:20340529
CATEGORIES:Public Holiday
TRANSP:TRANSPARENT
END:VEVENT
BEGIN:VEVENT
DTSTAMP:20161002T100016Z
SUMMARY:Eerste Pinksterdag (Pentecost Sunday)
UID:20161002T100016Z-26501-0131-en@katana
DTSTART;VALUE=DATE:20350513
DTEND;VALUE=DATE:20350514
CATEGORIES:Public Holiday
TRANSP:TRANSPARENT
END:VEVENT
BEGIN:VEVENT
DTSTAMP:20161002T100016Z
SUMMARY:Eerste Pinksterdag (Pentecost Sunday)
UID:20161002T100016Z-26501-0132-en@katana
DTSTART;VALUE=DATE:20360601
DTEND;VALUE=DATE:20360602
CATEGORIES:Public Holiday
TRANSP:TRANSPARENT
END:VEVENT
BEGIN:VEVENT
DTSTAMP:20161002T100016Z
SUMMARY:Eerste Pinksterdag (Pentecost Sunday)
UID:20161002T100016Z-26501-0133-en@katana
DTSTART;VALUE=DATE:20370524
DTEND;VALUE=DATE:20370525
CATEGORIES:Public Holiday
TRANSP:TRANSPARENT
END:VEVENT
BEGIN:VEVENT
DTSTAMP:20161002T100016Z
SUMMARY:Eerste Pinksterdag (Pentecost Sunday)
UID:20161002T100016Z-26501-0134-en@katana
DTSTART;VALUE=DATE:20380601
DTEND;VALUE=DATE:20380602
CATEGORIES:Public Holiday
TRANSP:TRANSPARENT
END:VEVENT
BEGIN:VEVENT
DTSTAMP:20161002T100016Z
SUMMARY:Eerste Pinksterdag (Pentecost Sunday)
UID:20161002T100016Z-26501-0135-en@katana
DTSTART;VALUE=DATE:20390529
DTEND;VALUE=DATE:20390530
CATEGORIES:Public Holiday
TRANSP:TRANSPARENT
END:VEVENT
BEGIN:VEVENT
DTSTAMP:20161002T100016Z
SUMMARY:Eerste Pinksterdag (Pentecost Sunday)
UID:20161002T100016Z-26501-0136-en@katana
DTSTART;VALUE=DATE:20400520
DTEND;VALUE=DATE:20400521
CATEGORIES:Public Holiday
TRANSP:TRANSPARENT
END:VEVENT
BEGIN:VEVENT
DTSTAMP:20161002T100016Z
SUMMARY:Eerste Pinksterdag (Pentecost Sunday)
UID:20161002T100016Z-26501-0137-en@katana
DTSTART;VALUE=DATE:20410609
DTEND;VALUE=DATE:20410610
CATEGORIES:Public Holiday
TRANSP:TRANSPARENT
END:VEVENT
BEGIN:VEVENT
DTSTAMP:20161002T100016Z
SUMMARY:Eerste Pinksterdag (Pentecost Sunday)
UID:20161002T100016Z-26501-0138-en@katana
DTSTART;VALUE=DATE:20420525
DTEND;VALUE=DATE:20420526
CATEGORIES:Public Holiday
TRANSP:TRANSPARENT
END:VEVENT
BEGIN:VEVENT
DTSTAMP:20161002T100016Z
SUMMARY:Eerste Pinksterdag (Pentecost Sunday)
UID:20161002T100016Z-26501-0139-en@katana
DTSTART;VALUE=DATE:20430517
DTEND;VALUE=DATE:20430518
CATEGORIES:Public Holiday
TRANSP:TRANSPARENT
END:VEVENT
BEGIN:VEVENT
DTSTAMP:20161002T100016Z
SUMMARY:Eerste Pinksterdag (Pentecost Sunday)
UID:20161002T100016Z-26501-0140-en@katana
DTSTART;VALUE=DATE:20440605
DTEND;VALUE=DATE:20440606
CATEGORIES:Public Holiday
TRANSP:TRANSPARENT
END:VEVENT
BEGIN:VEVENT
DTSTAMP:20161002T100016Z
SUMMARY:Eerste Pinksterdag (Pentecost Sunday)
UID:20161002T100016Z-26501-0141-en@katana
DTSTART;VALUE=DATE:20450528
DTEND;VALUE=DATE:20450529
CATEGORIES:Public Holiday
TRANSP:TRANSPARENT
END:VEVENT
BEGIN:VEVENT
DTSTAMP:20161002T100016Z
SUMMARY:Eerste Pinksterdag (Pentecost Sunday)
UID:20161002T100016Z-26501-0142-en@katana
DTSTART;VALUE=DATE:20460515
DTEND;VALUE=DATE:20460516
CATEGORIES:Public Holiday
TRANSP:TRANSPARENT
END:VEVENT
BEGIN:VEVENT
DTSTAMP:20161002T100016Z
SUMMARY:Eerste Pinksterdag (Pentecost Sunday)
UID:20161002T100016Z-26501-0143-en@katana
DTSTART;VALUE=DATE:20470602
DTEND;VALUE=DATE:20470603
CATEGORIES:Public Holiday
TRANSP:TRANSPARENT
END:VEVENT
BEGIN:VEVENT
DTSTAMP:20161002T100016Z
SUMMARY:Eerste Pinksterdag (Pentecost Sunday)
UID:20161002T100016Z-26501-0144-en@katana
DTSTART;VALUE=DATE:20480524
DTEND;VALUE=DATE:20480525
CATEGORIES:Public Holiday
TRANSP:TRANSPARENT
END:VEVENT
BEGIN:VEVENT
DTSTAMP:20161002T100016Z
SUMMARY:Eerste Pinksterdag (Pentecost Sunday)
UID:20161002T100016Z-26501-0145-en@katana
DTSTART;VALUE=DATE:20490606
DTEND;VALUE=DATE:20490607
CATEGORIES:Public Holiday
TRANSP:TRANSPARENT
END:VEVENT
BEGIN:VEVENT
DTSTAMP:20161002T100016Z
SUMMARY:Eerste Pinksterdag (Pentecost Sunday)
UID:20161002T100016Z-26501-0146-en@katana
DTSTART;VALUE=DATE:20500529
DTEND;VALUE=DATE:20500530
CATEGORIES:Public Holiday
TRANSP:TRANSPARENT
END:VEVENT
BEGIN:VEVENT
DTSTAMP:20161002T100016Z
SUMMARY:Goede Vrijdag (Good Friday)
UID:20161002T100016Z-26501-0147-en@katana
DTSTART;VALUE=DATE:20100402
DTEND;VALUE=DATE:20100403
CATEGORIES:Public Holiday
TRANSP:TRANSPARENT
END:VEVENT
BEGIN:VEVENT
DTSTAMP:20161002T100016Z
SUMMARY:Goede Vrijdag (Good Friday)
UID:20161002T100016Z-26501-0148-en@katana
DTSTART;VALUE=DATE:20110422
DTEND;VALUE=DATE:20110423
CATEGORIES:Public Holiday
TRANSP:TRANSPARENT
END:VEVENT
BEGIN:VEVENT
DTSTAMP:20161002T100016Z
SUMMARY:Goede Vrijdag (Good Friday)
UID:20161002T100016Z-26501-0149-en@katana
DTSTART;VALUE=DATE:20120406
DTEND;VALUE=DATE:20120407
CATEGORIES:Public Holiday
TRANSP:TRANSPARENT
END:VEVENT
BEGIN:VEVENT
DTSTAMP:20161002T100016Z
SUMMARY:Goede Vrijdag (Good Friday)
UID:20161002T100016Z-26501-0150-en@katana
DTSTART;VALUE=DATE:20130329
DTEND;VALUE=DATE:20130330
CATEGORIES:Public Holiday
TRANSP:TRANSPARENT
END:VEVENT
BEGIN:VEVENT
DTSTAMP:20161002T100016Z
SUMMARY:Goede Vrijdag (Good Friday)
UID:20161002T100016Z-26501-0151-en@katana
DTSTART;VALUE=DATE:20140418
DTEND;VALUE=DATE:20140419
CATEGORIES:Public Holiday
TRANSP:TRANSPARENT
END:VEVENT
BEGIN:VEVENT
DTSTAMP:20161002T100016Z
SUMMARY:Goede Vrijdag (Good Friday)
UID:20161002T100016Z-26501-0152-en@katana
DTSTART;VALUE=DATE:20150403
DTEND;VALUE=DATE:20150404
CATEGORIES:Public Holiday
TRANSP:TRANSPARENT
END:VEVENT
BEGIN:VEVENT
DTSTAMP:20161002T100016Z
SUMMARY:Goede Vrijdag (Good Friday)
UID:20161002T100016Z-26501-0153-en@katana
DTSTART;VALUE=DATE:20160325
DTEND;VALUE=DATE:20160326
CATEGORIES:Public Holiday
TRANSP:TRANSPARENT
END:VEVENT
BEGIN:VEVENT
DTSTAMP:20161002T100016Z
SUMMARY:Goede Vrijdag (Good Friday)
UID:20161002T100016Z-26501-0154-en@katana
DTSTART;VALUE=DATE:20170414
DTEND;VALUE=DATE:20170415
CATEGORIES:Public Holiday
TRANSP:TRANSPARENT
END:VEVENT
BEGIN:VEVENT
DTSTAMP:20161002T100016Z
SUMMARY:Goede Vrijdag (Good Friday)
UID:20161002T100016Z-26501-0155-en@katana
DTSTART;VALUE=DATE:20180330
DTEND;VALUE=DATE:20180331
CATEGORIES:Public Holiday
TRANSP:TRANSPARENT
END:VEVENT
BEGIN:VEVENT
DTSTAMP:20161002T100016Z
SUMMARY:Goede Vrijdag (Good Friday)
UID:20161002T100016Z-26501-0156-en@katana
DTSTART;VALUE=DATE:20190419
DTEND;VALUE=DATE:20190420
CATEGORIES:Public Holiday
TRANSP:TRANSPARENT
END:VEVENT
BEGIN:VEVENT
DTSTAMP:20161002T100016Z
SUMMARY:Goede Vrijdag (Good Friday)
UID:20161002T100016Z-26501-0157-en@katana
DTSTART;VALUE=DATE:20200410
DTEND;VALUE=DATE:20200411
CATEGORIES:Public Holiday
TRANSP:TRANSPARENT
END:VEVENT
BEGIN:VEVENT
DTSTAMP:20161002T100016Z
SUMMARY:Goede Vrijdag (Good Friday)
UID:20161002T100016Z-26501-0158-en@katana
DTSTART;VALUE=DATE:20210402
DTEND;VALUE=DATE:20210403
CATEGORIES:Public Holiday
TRANSP:TRANSPARENT
END:VEVENT
BEGIN:VEVENT
DTSTAMP:20161002T100016Z
SUMMARY:Goede Vrijdag (Good Friday)
UID:20161002T100016Z-26501-0159-en@katana
DTSTART;VALUE=DATE:20220327
DTEND;VALUE=DATE:20220328
CATEGORIES:Public Holiday
TRANSP:TRANSPARENT
END:VEVENT
BEGIN:VEVENT
DTSTAMP:20161002T100016Z
SUMMARY:Goede Vrijdag (Good Friday)
UID:20161002T100016Z-26501-0160-en@katana
DTSTART;VALUE=DATE:20230409
DTEND;VALUE=DATE:20230410
CATEGORIES:Public Holiday
TRANSP:TRANSPARENT
END:VEVENT
BEGIN:VEVENT
DTSTAMP:20161002T100016Z
SUMMARY:Goede Vrijdag (Good Friday)
UID:20161002T100016Z-26501-0161-en@katana
DTSTART;VALUE=DATE:20240331
DTEND;VALUE=DATE:20240401
CATEGORIES:Public Holiday
TRANSP:TRANSPARENT
END:VEVENT
BEGIN:VEVENT
DTSTAMP:20161002T100016Z
SUMMARY:Goede Vrijdag (Good Friday)
UID:20161002T100016Z-26501-0162-en@katana
DTSTART;VALUE=DATE:20250420
DTEND;VALUE=DATE:20250421
CATEGORIES:Public Holiday
TRANSP:TRANSPARENT
END:VEVENT
BEGIN:VEVENT
DTSTAMP:20161002T100016Z
SUMMARY:Goede Vrijdag (Good Friday)
UID:20161002T100016Z-26501-0163-en@katana
DTSTART;VALUE=DATE:20260412
DTEND;VALUE=DATE:20260413
CATEGORIES:Public Holiday
TRANSP:TRANSPARENT
END:VEVENT
BEGIN:VEVENT
DTSTAMP:20161002T100016Z
SUMMARY:Goede Vrijdag (Good Friday)
UID:20161002T100016Z-26501-0164-en@katana
DTSTART;VALUE=DATE:20270328
DTEND;VALUE=DATE:20270329
CATEGORIES:Public Holiday
TRANSP:TRANSPARENT
END:VEVENT
BEGIN:VEVENT
DTSTAMP:20161002T100016Z
SUMMARY:Goede Vrijdag (Good Friday)
UID:20161002T100016Z-26501-0165-en@katana
DTSTART;VALUE=DATE:20280416
DTEND;VALUE=DATE:20280417
CATEGORIES:Public Holiday
TRANSP:TRANSPARENT
END:VEVENT
BEGIN:VEVENT
DTSTAMP:20161002T100016Z
SUMMARY:Goede Vrijdag (Good Friday)
UID:20161002T100016Z-26501-0166-en@katana
DTSTART;VALUE=DATE:20290408
DTEND;VALUE=DATE:20290409
CATEGORIES:Public Holiday
TRANSP:TRANSPARENT
END:VEVENT
BEGIN:VEVENT
DTSTAMP:20161002T100016Z
SUMMARY:Goede Vrijdag (Good Friday)
UID:20161002T100016Z-26501-0167-en@katana
DTSTART;VALUE=DATE:20300324
DTEND;VALUE=DATE:20300325
CATEGORIES:Public Holiday
TRANSP:TRANSPARENT
END:VEVENT
BEGIN:VEVENT
DTSTAMP:20161002T100016Z
SUMMARY:Goede Vrijdag (Good Friday)
UID:20161002T100016Z-26501-0168-en@katana
DTSTART;VALUE=DATE:20310413
DTEND;VALUE=DATE:20310414
CATEGORIES:Public Holiday
TRANSP:TRANSPARENT
END:VEVENT
BEGIN:VEVENT
DTSTAMP:20161002T100016Z
SUMMARY:Goede Vrijdag (Good Friday)
UID:20161002T100016Z-26501-0169-en@katana
DTSTART;VALUE=DATE:20320404
DTEND;VALUE=DATE:20320405
CATEGORIES:Public Holiday
TRANSP:TRANSPARENT
END:VEVENT
BEGIN:VEVENT
DTSTAMP:20161002T100016Z
SUMMARY:Goede Vrijdag (Good Friday)
UID:20161002T100016Z-26501-0170-en@katana
DTSTART;VALUE=DATE:20330417
DTEND;VALUE=DATE:20330418
CATEGORIES:Public Holiday
TRANSP:TRANSPARENT
END:VEVENT
BEGIN:VEVENT
DTSTAMP:20161002T100016Z
SUMMARY:Goede Vrijdag (Good Friday)
UID:20161002T100016Z-26501-0171-en@katana
DTSTART;VALUE=DATE:20340409
DTEND;VALUE=DATE:20340410
CATEGORIES:Public Holiday
TRANSP:TRANSPARENT
END:VEVENT
BEGIN:VEVENT
DTSTAMP:20161002T100016Z
SUMMARY:Goede Vrijdag (Good Friday)
UID:20161002T100016Z-26501-0172-en@katana
DTSTART;VALUE=DATE:20350401
DTEND;VALUE=DATE:20350402
CATEGORIES:Public Holiday
TRANSP:TRANSPARENT
END:VEVENT
BEGIN:VEVENT
DTSTAMP:20161002T100016Z
SUMMARY:Goede Vrijdag (Good Friday)
UID:20161002T100016Z-26501-0173-en@katana
DTSTART;VALUE=DATE:20360420
DTEND;VALUE=DATE:20360421
CATEGORIES:Public Holiday
TRANSP:TRANSPARENT
END:VEVENT
BEGIN:VEVENT
DTSTAMP:20161002T100016Z
SUMMARY:Goede Vrijdag (Good Friday)
UID:20161002T100016Z-26501-0174-en@katana
DTSTART;VALUE=DATE:20370405
DTEND;VALUE=DATE:20370406
CATEGORIES:Public Holiday
TRANSP:TRANSPARENT
END:VEVENT
BEGIN:VEVENT
DTSTAMP:20161002T100016Z
SUMMARY:Goede Vrijdag (Good Friday)
UID:20161002T100016Z-26501-0175-en@katana
DTSTART;VALUE=DATE:20380328
DTEND;VALUE=DATE:20380329
CATEGORIES:Public Holiday
TRANSP:TRANSPARENT
END:VEVENT
BEGIN:VEVENT
DTSTAMP:20161002T100016Z
SUMMARY:Goede Vrijdag (Good Friday)
UID:20161002T100016Z-26501-0176-en@katana
DTSTART;VALUE=DATE:20390417
DTEND;VALUE=DATE:20390418
CATEGORIES:Public Holiday
TRANSP:TRANSPARENT
END:VEVENT
BEGIN:VEVENT
DTSTAMP:20161002T100016Z
SUMMARY:Goede Vrijdag (Good Friday)
UID:20161002T100016Z-26501-0177-en@katana
DTSTART;VALUE=DATE:20400401
DTEND;VALUE=DATE:20400402
CATEGORIES:Public Holiday
TRANSP:TRANSPARENT
END:VEVENT
BEGIN:VEVENT
DTSTAMP:20161002T100016Z
SUMMARY:Goede Vrijdag (Good Friday)
UID:20161002T100016Z-26501-0178-en@katana
DTSTART;VALUE=DATE:20410324
DTEND;VALUE=DATE:20410325
CATEGORIES:Public Holiday
TRANSP:TRANSPARENT
END:VEVENT
BEGIN:VEVENT
DTSTAMP:20161002T100016Z
SUMMARY:Goede Vrijdag (Good Friday)
UID:20161002T100016Z-26501-0179-en@katana
DTSTART;VALUE=DATE:20420413
DTEND;VALUE=DATE:20420414
CATEGORIES:Public Holiday
TRANSP:TRANSPARENT
END:VEVENT
BEGIN:VEVENT
DTSTAMP:20161002T100016Z
SUMMARY:Goede Vrijdag (Good Friday)
UID:20161002T100016Z-26501-0180-en@katana
DTSTART;VALUE=DATE:20430329
DTEND;VALUE=DATE:20430330
CATEGORIES:Public Holiday
TRANSP:TRANSPARENT
END:VEVENT
BEGIN:VEVENT
DTSTAMP:20161002T100016Z
SUMMARY:Goede Vrijdag (Good Friday)
UID:20161002T100016Z-26501-0181-en@katana
DTSTART;VALUE=DATE:20440417
DTEND;VALUE=DATE:20440418
CATEGORIES:Public Holiday
TRANSP:TRANSPARENT
END:VEVENT
BEGIN:VEVENT
DTSTAMP:20161002T100016Z
SUMMARY:Goede Vrijdag (Good Friday)
UID:20161002T100016Z-26501-0182-en@katana
DTSTART;VALUE=DATE:20450409
DTEND;VALUE=DATE:20450410
CATEGORIES:Public Holiday
TRANSP:TRANSPARENT
END:VEVENT
BEGIN:VEVENT
DTSTAMP:20161002T100016Z
SUMMARY:Goede Vrijdag (Good Friday)
UID:20161002T100016Z-26501-0183-en@katana
DTSTART;VALUE=DATE:20460401
DTEND;VALUE=DATE:20460402
CATEGORIES:Public Holiday
TRANSP:TRANSPARENT
END:VEVENT
BEGIN:VEVENT
DTSTAMP:20161002T100016Z
SUMMARY:Goede Vrijdag (Good Friday)
UID:20161002T100016Z-26501-0184-en@katana
DTSTART;VALUE=DATE:20470414
DTEND;VALUE=DATE:20470415
CATEGORIES:Public Holiday
TRANSP:TRANSPARENT
END:VEVENT
BEGIN:VEVENT
DTSTAMP:20161002T100016Z
SUMMARY:Goede Vrijdag (Good Friday)
UID:20161002T100016Z-26501-0185-en@katana
DTSTART;VALUE=DATE:20480405
DTEND;VALUE=DATE:20480406
CATEGORIES:Public Holiday
TRANSP:TRANSPARENT
END:VEVENT
BEGIN:VEVENT
DTSTAMP:20161002T100016Z
SUMMARY:Goede Vrijdag (Good Friday)
UID:20161002T100016Z-26501-0186-en@katana
DTSTART;VALUE=DATE:20490328
DTEND;VALUE=DATE:20490329
CATEGORIES:Public Holiday
TRANSP:TRANSPARENT
END:VEVENT
BEGIN:VEVENT
DTSTAMP:20161002T100016Z
SUMMARY:Goede Vrijdag (Good Friday)
UID:20161002T100016Z-26501-0187-en@katana
DTSTART;VALUE=DATE:20500410
DTEND;VALUE=DATE:20500411
CATEGORIES:Public Holiday
TRANSP:TRANSPARENT
END:VEVENT
BEGIN:VEVENT
DTSTAMP:20161002T100016Z
SUMMARY:Hemelvaartsdag (Ascension Day)
UID:20161002T100016Z-26501-0188-en@katana
DTSTART;VALUE=DATE:20100513
DTEND;VALUE=DATE:20100514
CATEGORIES:Public Holiday
TRANSP:TRANSPARENT
END:VEVENT
BEGIN:VEVENT
DTSTAMP:20161002T100016Z
SUMMARY:Hemelvaartsdag (Ascension Day)
UID:20161002T100016Z-26501-0189-en@katana
DTSTART;VALUE=DATE:20110602
DTEND;VALUE=DATE:20110603
CATEGORIES:Public Holiday
TRANSP:TRANSPARENT
END:VEVENT
BEGIN:VEVENT
DTSTAMP:20161002T100016Z
SUMMARY:Hemelvaartsdag (Ascension Day)
UID:20161002T100016Z-26501-0190-en@katana
DTSTART;VALUE=DATE:20120517
DTEND;VALUE=DATE:20120518
CATEGORIES:Public Holiday
TRANSP:TRANSPARENT
END:VEVENT
BEGIN:VEVENT
DTSTAMP:20161002T100016Z
SUMMARY:Hemelvaartsdag (Ascension Day)
UID:20161002T100016Z-26501-0191-en@katana
DTSTART;VALUE=DATE:20130509
DTEND;VALUE=DATE:20130510
CATEGORIES:Public Holiday
TRANSP:TRANSPARENT
END:VEVENT
BEGIN:VEVENT
DTSTAMP:20161002T100016Z
SUMMARY:Hemelvaartsdag (Ascension Day)
UID:20161002T100016Z-26501-0192-en@katana
DTSTART;VALUE=DATE:20140529
DTEND;VALUE=DATE:20140530
CATEGORIES:Public Holiday
TRANSP:TRANSPARENT
END:VEVENT
BEGIN:VEVENT
DTSTAMP:20161002T100016Z
SUMMARY:Hemelvaartsdag (Ascension Day)
UID:20161002T100016Z-26501-0193-en@katana
DTSTART;VALUE=DATE:20150514
DTEND;VALUE=DATE:20150515
CATEGORIES:Public Holiday
TRANSP:TRANSPARENT
END:VEVENT
BEGIN:VEVENT
DTSTAMP:20161002T100016Z
SUMMARY:Hemelvaartsdag (Ascension Day)
UID:20161002T100016Z-26501-0194-en@katana
DTSTART;VALUE=DATE:20160505
DTEND;VALUE=DATE:20160506
CATEGORIES:Public Holiday
TRANSP:TRANSPARENT
END:VEVENT
BEGIN:VEVENT
DTSTAMP:20161002T100016Z
SUMMARY:Hemelvaartsdag (Ascension Day)
UID:20161002T100016Z-26501-0195-en@katana
DTSTART;VALUE=DATE:20170525
DTEND;VALUE=DATE:20170526
CATEGORIES:Public Holiday
TRANSP:TRANSPARENT
END:VEVENT
BEGIN:VEVENT
DTSTAMP:20161002T100016Z
SUMMARY:Hemelvaartsdag (Ascension Day)
UID:20161002T100016Z-26501-0196-en@katana
DTSTART;VALUE=DATE:20180510
DTEND;VALUE=DATE:20180511
CATEGORIES:Public Holiday
TRANSP:TRANSPARENT
END:VEVENT
BEGIN:VEVENT
DTSTAMP:20161002T100016Z
SUMMARY:Hemelvaartsdag (Ascension Day)
UID:20161002T100016Z-26501-0197-en@katana
DTSTART;VALUE=DATE:20190530
DTEND;VALUE=DATE:20190531
CATEGORIES:Public Holiday
TRANSP:TRANSPARENT
END:VEVENT
BEGIN:VEVENT
DTSTAMP:20161002T100016Z
SUMMARY:Hemelvaartsdag (Ascension Day)
UID:20161002T100016Z-26501-0198-en@katana
DTSTART;VALUE=DATE:20200521
DTEND;VALUE=DATE:20200522
CATEGORIES:Public Holiday
TRANSP:TRANSPARENT
END:VEVENT
BEGIN:VEVENT
DTSTAMP:20161002T100016Z
SUMMARY:Hemelvaartsdag (Ascension Day)
UID:20161002T100016Z-26501-0199-en@katana
DTSTART;VALUE=DATE:20210513
DTEND;VALUE=DATE:20210514
CATEGORIES:Public Holiday
TRANSP:TRANSPARENT
END:VEVENT
BEGIN:VEVENT
DTSTAMP:20161002T100016Z
SUMMARY:Hemelvaartsdag (Ascension Day)
UID:20161002T100016Z-26501-0200-en@katana
DTSTART;VALUE=DATE:20220526
DTEND;VALUE=DATE:20220527
CATEGORIES:Public Holiday
TRANSP:TRANSPARENT
END:VEVENT
BEGIN:VEVENT
DTSTAMP:20161002T100016Z
SUMMARY:Hemelvaartsdag (Ascension Day)
UID:20161002T100016Z-26501-0201-en@katana
DTSTART;VALUE=DATE:20230518
DTEND;VALUE=DATE:20230519
CATEGORIES:Public Holiday
TRANSP:TRANSPARENT
END:VEVENT
BEGIN:VEVENT
DTSTAMP:20161002T100016Z
SUMMARY:Hemelvaartsdag (Ascension Day)
UID:20161002T100016Z-26501-0202-en@katana
DTSTART;VALUE=DATE:20240509
DTEND;VALUE=DATE:20240510
CATEGORIES:Public Holiday
TRANSP:TRANSPARENT
END:VEVENT
BEGIN:VEVENT
DTSTAMP:20161002T100016Z
SUMMARY:Hemelvaartsdag (Ascension Day)
UID:20161002T100016Z-26501-0203-en@katana
DTSTART;VALUE=DATE:20250529
DTEND;VALUE=DATE:20250530
CATEGORIES:Public Holiday
TRANSP:TRANSPARENT
END:VEVENT
BEGIN:VEVENT
DTSTAMP:20161002T100016Z
SUMMARY:Hemelvaartsdag (Ascension Day)
UID:20161002T100016Z-26501-0204-en@katana
DTSTART;VALUE=DATE:20260514
DTEND;VALUE=DATE:20260515
CATEGORIES:Public Holiday
TRANSP:TRANSPARENT
END:VEVENT
BEGIN:VEVENT
DTSTAMP:20161002T100016Z
SUMMARY:Hemelvaartsdag (Ascension Day)
UID:20161002T100016Z-26501-0205-en@katana
DTSTART;VALUE=DATE:20270506
DTEND;VALUE=DATE:20270507
CATEGORIES:Public Holiday
TRANSP:TRANSPARENT
END:VEVENT
BEGIN:VEVENT
DTSTAMP:20161002T100016Z
SUMMARY:Hemelvaartsdag (Ascension Day)
UID:20161002T100016Z-26501-0206-en@katana
DTSTART;VALUE=DATE:20280525
DTEND;VALUE=DATE:20280526
CATEGORIES:Public Holiday
TRANSP:TRANSPARENT
END:VEVENT
BEGIN:VEVENT
DTSTAMP:20161002T100016Z
SUMMARY:Hemelvaartsdag (Ascension Day)
UID:20161002T100016Z-26501-0207-en@katana
DTSTART;VALUE=DATE:20290510
DTEND;VALUE=DATE:20290511
CATEGORIES:Public Holiday
TRANSP:TRANSPARENT
END:VEVENT
BEGIN:VEVENT
DTSTAMP:20161002T100016Z
SUMMARY:Hemelvaartsdag (Ascension Day)
UID:20161002T100016Z-26501-0208-en@katana
DTSTART;VALUE=DATE:20300530
DTEND;VALUE=DATE:20300531
CATEGORIES:Public Holiday
TRANSP:TRANSPARENT
END:VEVENT
BEGIN:VEVENT
DTSTAMP:20161002T100016Z
SUMMARY:Hemelvaartsdag (Ascension Day)
UID:20161002T100016Z-26501-0209-en@katana
DTSTART;VALUE=DATE:20310522
DTEND;VALUE=DATE:20310523
CATEGORIES:Public Holiday
TRANSP:TRANSPARENT
END:VEVENT
BEGIN:VEVENT
DTSTAMP:20161002T100016Z
SUMMARY:Hemelvaartsdag (Ascension Day)
UID:20161002T100016Z-26501-0210-en@katana
DTSTART;VALUE=DATE:20320506
DTEND;VALUE=DATE:20320507
CATEGORIES:Public Holiday
TRANSP:TRANSPARENT
END:VEVENT
BEGIN:VEVENT
DTSTAMP:20161002T100016Z
SUMMARY:Hemelvaartsdag (Ascension Day)
UID:20161002T100016Z-26501-0211-en@katana
DTSTART;VALUE=DATE:20330526
DTEND;VALUE=DATE:20330527
CATEGORIES:Public Holiday
TRANSP:TRANSPARENT
END:VEVENT
BEGIN:VEVENT
DTSTAMP:20161002T100016Z
SUMMARY:Hemelvaartsdag (Ascension Day)
UID:20161002T100016Z-26501-0212-en@katana
DTSTART;VALUE=DATE:20340518
DTEND;VALUE=DATE:20340519
CATEGORIES:Public Holiday
TRANSP:TRANSPARENT
END:VEVENT
BEGIN:VEVENT
DTSTAMP:20161002T100016Z
SUMMARY:Hemelvaartsdag (Ascension Day)
UID:20161002T100016Z-26501-0213-en@katana
DTSTART;VALUE=DATE:20350503
DTEND;VALUE=DATE:20350504
CATEGORIES:Public Holiday
TRANSP:TRANSPARENT
END:VEVENT
BEGIN:VEVENT
DTSTAMP:20161002T100016Z
SUMMARY:Hemelvaartsdag (Ascension Day)
UID:20161002T100016Z-26501-0214-en@katana
DTSTART;VALUE=DATE:20360522
DTEND;VALUE=DATE:20360523
CATEGORIES:Public Holiday
TRANSP:TRANSPARENT
END:VEVENT
BEGIN:VEVENT
DTSTAMP:20161002T100016Z
SUMMARY:Hemelvaartsdag (Ascension Day)
UID:20161002T100016Z-26501-0215-en@katana
DTSTART;VALUE=DATE:20370514
DTEND;VALUE=DATE:20370515
CATEGORIES:Public Holiday
TRANSP:TRANSPARENT
END:VEVENT
BEGIN:VEVENT
DTSTAMP:20161002T100016Z
SUMMARY:Hemelvaartsdag (Ascension Day)
UID:20161002T100016Z-26501-0216-en@katana
DTSTART;VALUE=DATE:20380603
DTEND;VALUE=DATE:20380604
CATEGORIES:Public Holiday
TRANSP:TRANSPARENT
END:VEVENT
BEGIN:VEVENT
DTSTAMP:20161002T100016Z
SUMMARY:Hemelvaartsdag (Ascension Day)
UID:20161002T100016Z-26501-0217-en@katana
DTSTART;VALUE=DATE:20390519
DTEND;VALUE=DATE:20390520
CATEGORIES:Public Holiday
TRANSP:TRANSPARENT
END:VEVENT
BEGIN:VEVENT
DTSTAMP:20161002T100016Z
SUMMARY:Hemelvaartsdag (Ascension Day)
UID:20161002T100016Z-26501-0218-en@katana
DTSTART;VALUE=DATE:20400510
DTEND;VALUE=DATE:20400511
CATEGORIES:Public Holiday
TRANSP:TRANSPARENT
END:VEVENT
BEGIN:VEVENT
DTSTAMP:20161002T100016Z
SUMMARY:Hemelvaartsdag (Ascension Day)
UID:20161002T100016Z-26501-0219-en@katana
DTSTART;VALUE=DATE:20410530
DTEND;VALUE=DATE:20410531
CATEGORIES:Public Holiday
TRANSP:TRANSPARENT
END:VEVENT
BEGIN:VEVENT
DTSTAMP:20161002T100016Z
SUMMARY:Hemelvaartsdag (Ascension Day)
UID:20161002T100016Z-26501-0220-en@katana
DTSTART;VALUE=DATE:20420515
DTEND;VALUE=DATE:20420516
CATEGORIES:Public Holiday
TRANSP:TRANSPARENT
END:VEVENT
BEGIN:VEVENT
DTSTAMP:20161002T100016Z
SUMMARY:Hemelvaartsdag (Ascension Day)
UID:20161002T100016Z-26501-0221-en@katana
DTSTART;VALUE=DATE:20430507
DTEND;VALUE=DATE:20430508
CATEGORIES:Public Holiday
TRANSP:TRANSPARENT
END:VEVENT
BEGIN:VEVENT
DTSTAMP:20161002T100016Z
SUMMARY:Hemelvaartsdag (Ascension Day)
UID:20161002T100016Z-26501-0222-en@katana
DTSTART;VALUE=DATE:20440526
DTEND;VALUE=DATE:20440527
CATEGORIES:Public Holiday
TRANSP:TRANSPARENT
END:VEVENT
BEGIN:VEVENT
DTSTAMP:20161002T100016Z
SUMMARY:Hemelvaartsdag (Ascension Day)
UID:20161002T100016Z-26501-0223-en@katana
DTSTART;VALUE=DATE:20450518
DTEND;VALUE=DATE:20450519
CATEGORIES:Public Holiday
TRANSP:TRANSPARENT
END:VEVENT
BEGIN:VEVENT
DTSTAMP:20161002T100016Z
SUMMARY:Hemelvaartsdag (Ascension Day)
UID:20161002T100016Z-26501-0224-en@katana
DTSTART;VALUE=DATE:20460503
DTEND;VALUE=DATE:20460504
CATEGORIES:Public Holiday
TRANSP:TRANSPARENT
END:VEVENT
BEGIN:VEVENT
DTSTAMP:20161002T100016Z
SUMMARY:Hemelvaartsdag (Ascension Day)
UID:20161002T100016Z-26501-0225-en@katana
DTSTART;VALUE=DATE:20470523
DTEND;VALUE=DATE:20470524
CATEGORIES:Public Holiday
TRANSP:TRANSPARENT
END:VEVENT
BEGIN:VEVENT
DTSTAMP:20161002T100016Z
SUMMARY:Hemelvaartsdag (Ascension Day)
UID:20161002T100016Z-26501-0226-en@katana
DTSTART;VALUE=DATE:20480514
DTEND;VALUE=DATE:20480515
CATEGORIES:Public Holiday
TRANSP:TRANSPARENT
END:VEVENT
BEGIN:VEVENT
DTSTAMP:20161002T100016Z
SUMMARY:Hemelvaartsdag (Ascension Day)
UID:20161002T100016Z-26501-0227-en@katana
DTSTART;VALUE=DATE:20490527
DTEND;VALUE=DATE:20490528
CATEGORIES:Public Holiday
TRANSP:TRANSPARENT
END:VEVENT
BEGIN:VEVENT
DTSTAMP:20161002T100016Z
SUMMARY:Hemelvaartsdag (Ascension Day)
UID:20161002T100016Z-26501-0228-en@katana
DTSTART;VALUE=DATE:20500519
DTEND;VALUE=DATE:20500520
CATEGORIES:Public Holiday
TRANSP:TRANSPARENT
END:VEVENT
BEGIN:VEVENT
DTSTAMP:20161002T100016Z
SUMMARY:Koningsdag (King's Day)
UID:20161002T100016Z-26501-0229-en@katana
DTSTART;VALUE=DATE:20140426
DTEND;VALUE=DATE:20140427
CATEGORIES:Public Holiday
TRANSP:TRANSPARENT
END:VEVENT
BEGIN:VEVENT
DTSTAMP:20161002T100016Z
SUMMARY:Koningsdag (King's Day)
UID:20161002T100016Z-26501-0230-en@katana
DTSTART;VALUE=DATE:20150427
DTEND;VALUE=DATE:20150428
CATEGORIES:Public Holiday
TRANSP:TRANSPARENT
END:VEVENT
BEGIN:VEVENT
DTSTAMP:20161002T100016Z
SUMMARY:Koningsdag (King's Day)
UID:20161002T100016Z-26501-0231-en@katana
DTSTART;VALUE=DATE:20160427
DTEND;VALUE=DATE:20160428
CATEGORIES:Public Holiday
TRANSP:TRANSPARENT
END:VEVENT
BEGIN:VEVENT
DTSTAMP:20161002T100016Z
SUMMARY:Koningsdag (King's Day)
UID:20161002T100016Z-26501-0232-en@katana
DTSTART;VALUE=DATE:20170427
DTEND;VALUE=DATE:20170428
CATEGORIES:Public Holiday
TRANSP:TRANSPARENT
END:VEVENT
BEGIN:VEVENT
DTSTAMP:20161002T100016Z
SUMMARY:Koningsdag (King's Day)
UID:20161002T100016Z-26501-0233-en@katana
DTSTART;VALUE=DATE:20180427
DTEND;VALUE=DATE:20180428
CATEGORIES:Public Holiday
TRANSP:TRANSPARENT
END:VEVENT
BEGIN:VEVENT
DTSTAMP:20161002T100016Z
SUMMARY:Koningsdag (King's Day)
UID:20161002T100016Z-26501-0234-en@katana
DTSTART;VALUE=DATE:20190427
DTEND;VALUE=DATE:20190428
CATEGORIES:Public Holiday
TRANSP:TRANSPARENT
END:VEVENT
BEGIN:VEVENT
DTSTAMP:20161002T100016Z
SUMMARY:Koningsdag (King's Day)
UID:20161002T100016Z-26501-0235-en@katana
DTSTART;VALUE=DATE:20200427
DTEND;VALUE=DATE:20200428
CATEGORIES:Public Holiday
TRANSP:TRANSPARENT
END:VEVENT
BEGIN:VEVENT
DTSTAMP:20161002T100016Z
SUMMARY:Koningsdag (King's Day)
UID:20161002T100016Z-26501-0236-en@katana
DTSTART;VALUE=DATE:20210427
DTEND;VALUE=DATE:20210428
CATEGORIES:Public Holiday
TRANSP:TRANSPARENT
END:VEVENT
BEGIN:VEVENT
DTSTAMP:20161002T100016Z
SUMMARY:Koningsdag (King's Day)
UID:20161002T100016Z-26501-0237-en@katana
DTSTART;VALUE=DATE:20220427
DTEND;VALUE=DATE:20220428
CATEGORIES:Public Holiday
TRANSP:TRANSPARENT
END:VEVENT
BEGIN:VEVENT
DTSTAMP:20161002T100016Z
SUMMARY:Koningsdag (King's Day)
UID:20161002T100016Z-26501-0238-en@katana
DTSTART;VALUE=DATE:20230427
DTEND;VALUE=DATE:20230428
CATEGORIES:Public Holiday
TRANSP:TRANSPARENT
END:VEVENT
BEGIN:VEVENT
DTSTAMP:20161002T100016Z
SUMMARY:Koningsdag (King's Day)
UID:20161002T100016Z-26501-0239-en@katana
DTSTART;VALUE=DATE:20240427
DTEND;VALUE=DATE:20240428
CATEGORIES:Public Holiday
TRANSP:TRANSPARENT
END:VEVENT
BEGIN:VEVENT
DTSTAMP:20161002T100016Z
SUMMARY:Koningsdag (King's Day)
UID:20161002T100016Z-26501-0240-en@katana
DTSTART;VALUE=DATE:20250426
DTEND;VALUE=DATE:20250427
CATEGORIES:Public Holiday
TRANSP:TRANSPARENT
END:VEVENT
BEGIN:VEVENT
DTSTAMP:20161002T100016Z
SUMMARY:Koningsdag (King's Day)
UID:20161002T100016Z-26501-0241-en@katana
DTSTART;VALUE=DATE:20260427
DTEND;VALUE=DATE:20260428
CATEGORIES:Public Holiday
TRANSP:TRANSPARENT
END:VEVENT
BEGIN:VEVENT
DTSTAMP:20161002T100016Z
SUMMARY:Koningsdag (King's Day)
UID:20161002T100016Z-26501-0242-en@katana
DTSTART;VALUE=DATE:20270427
DTEND;VALUE=DATE:20270428
CATEGORIES:Public Holiday
TRANSP:TRANSPARENT
END:VEVENT
BEGIN:VEVENT
DTSTAMP:20161002T100016Z
SUMMARY:Koningsdag (King's Day)
UID:20161002T100016Z-26501-0243-en@katana
DTSTART;VALUE=DATE:20280427
DTEND;VALUE=DATE:20280428
CATEGORIES:Public Holiday
TRANSP:TRANSPARENT
END:VEVENT
BEGIN:VEVENT
DTSTAMP:20161002T100016Z
SUMMARY:Koningsdag (King's Day)
UID:20161002T100016Z-26501-0244-en@katana
DTSTART;VALUE=DATE:20290427
DTEND;VALUE=DATE:20290428
CATEGORIES:Public Holiday
TRANSP:TRANSPARENT
END:VEVENT
BEGIN:VEVENT
DTSTAMP:20161002T100016Z
SUMMARY:Koningsdag (King's Day)
UID:20161002T100016Z-26501-0245-en@katana
DTSTART;VALUE=DATE:20300427
DTEND;VALUE=DATE:20300428
CATEGORIES:Public Holiday
TRANSP:TRANSPARENT
END:VEVENT
BEGIN:VEVENT
DTSTAMP:20161002T100016Z
SUMMARY:Koningsdag (King's Day)
UID:20161002T100016Z-26501-0246-en@katana
DTSTART;VALUE=DATE:20310426
DTEND;VALUE=DATE:20310427
CATEGORIES:Public Holiday
TRANSP:TRANSPARENT
END:VEVENT
BEGIN:VEVENT
DTSTAMP:20161002T100016Z
SUMMARY:Koningsdag (King's Day)
UID:20161002T100016Z-26501-0247-en@katana
DTSTART;VALUE=DATE:20320427
DTEND;VALUE=DATE:20320428
CATEGORIES:Public Holiday
TRANSP:TRANSPARENT
END:VEVENT
BEGIN:VEVENT
DTSTAMP:20161002T100016Z
SUMMARY:Koningsdag (King's Day)
UID:20161002T100016Z-26501-0248-en@katana
DTSTART;VALUE=DATE:20330427
DTEND;VALUE=DATE:20330428
CATEGORIES:Public Holiday
TRANSP:TRANSPARENT
END:VEVENT
BEGIN:VEVENT
DTSTAMP:20161002T100016Z
SUMMARY:Koningsdag (King's Day)
UID:20161002T100016Z-26501-0249-en@katana
DTSTART;VALUE=DATE:20340427
DTEND;VALUE=DATE:20340428
CATEGORIES:Public Holiday
TRANSP:TRANSPARENT
END:VEVENT
BEGIN:VEVENT
DTSTAMP:20161002T100016Z
SUMMARY:Koningsdag (King's Day)
UID:20161002T100016Z-26501-0250-en@katana
DTSTART;VALUE=DATE:20350427
DTEND;VALUE=DATE:20350428
CATEGORIES:Public Holiday
TRANSP:TRANSPARENT
END:VEVENT
BEGIN:VEVENT
DTSTAMP:20161002T100016Z
SUMMARY:Koningsdag (King's Day)
UID:20161002T100016Z-26501-0251-en@katana
DTSTART;VALUE=DATE:20360426
DTEND;VALUE=DATE:20360427
CATEGORIES:Public Holiday
TRANSP:TRANSPARENT
END:VEVENT
BEGIN:VEVENT
DTSTAMP:20161002T100016Z
SUMMARY:Koningsdag (King's Day)
UID:20161002T100016Z-26501-0252-en@katana
DTSTART;VALUE=DATE:20370427
DTEND;VALUE=DATE:20370428
CATEGORIES:Public Holiday
TRANSP:TRANSPARENT
END:VEVENT
BEGIN:VEVENT
DTSTAMP:20161002T100016Z
SUMMARY:Koningsdag (King's Day)
UID:20161002T100016Z-26501-0253-en@katana
DTSTART;VALUE=DATE:20380427
DTEND;VALUE=DATE:20380428
CATEGORIES:Public Holiday
TRANSP:TRANSPARENT
END:VEVENT
BEGIN:VEVENT
DTSTAMP:20161002T100016Z
SUMMARY:Koningsdag (King's Day)
UID:20161002T100016Z-26501-0254-en@katana
DTSTART;VALUE=DATE:20390427
DTEND;VALUE=DATE:20390428
CATEGORIES:Public Holiday
TRANSP:TRANSPARENT
END:VEVENT
BEGIN:VEVENT
DTSTAMP:20161002T100016Z
SUMMARY:Koningsdag (King's Day)
UID:20161002T100016Z-26501-0255-en@katana
DTSTART;VALUE=DATE:20400427
DTEND;VALUE=DATE:20400428
CATEGORIES:Public Holiday
TRANSP:TRANSPARENT
END:VEVENT
BEGIN:VEVENT
DTSTAMP:20161002T100016Z
SUMMARY:Koningsdag (King's Day)
UID:20161002T100016Z-26501-0256-en@katana
DTSTART;VALUE=DATE:20410427
DTEND;VALUE=DATE:20410428
CATEGORIES:Public Holiday
TRANSP:TRANSPARENT
END:VEVENT
BEGIN:VEVENT
DTSTAMP:20161002T100016Z
SUMMARY:Koningsdag (King's Day)
UID:20161002T100016Z-26501-0257-en@katana
DTSTART;VALUE=DATE:20420426
DTEND;VALUE=DATE:20420427
CATEGORIES:Public Holiday
TRANSP:TRANSPARENT
END:VEVENT
BEGIN:VEVENT
DTSTAMP:20161002T100016Z
SUMMARY:Koningsdag (King's Day)
UID:20161002T100016Z-26501-0258-en@katana
DTSTART;VALUE=DATE:20430427
DTEND;VALUE=DATE:20430428
CATEGORIES:Public Holiday
TRANSP:TRANSPARENT
END:VEVENT
BEGIN:VEVENT
DTSTAMP:20161002T100016Z
SUMMARY:Koningsdag (King's Day)
UID:20161002T100016Z-26501-0259-en@katana
DTSTART;VALUE=DATE:20440427
DTEND;VALUE=DATE:20440428
CATEGORIES:Public Holiday
TRANSP:TRANSPARENT
END:VEVENT
BEGIN:VEVENT
DTSTAMP:20161002T100016Z
SUMMARY:Koningsdag (King's Day)
UID:20161002T100016Z-26501-0260-en@katana
DTSTART;VALUE=DATE:20450427
DTEND;VALUE=DATE:20450428
CATEGORIES:Public Holiday
TRANSP:TRANSPARENT
END:VEVENT
BEGIN:VEVENT
DTSTAMP:20161002T100016Z
SUMMARY:Koningsdag (King's Day)
UID:20161002T100016Z-26501-0261-en@katana
DTSTART;VALUE=DATE:20460427
DTEND;VALUE=DATE:20460428
CATEGORIES:Public Holiday
TRANSP:TRANSPARENT
END:VEVENT
BEGIN:VEVENT
DTSTAMP:20161002T100016Z
SUMMARY:Koningsdag (King's Day)
UID:20161002T100016Z-26501-0262-en@katana
DTSTART;VALUE=DATE:20470427
DTEND;VALUE=DATE:20470428
CATEGORIES:Public Holiday
TRANSP:TRANSPARENT
END:VEVENT
BEGIN:VEVENT
DTSTAMP:20161002T100016Z
SUMMARY:Koningsdag (King's Day)
UID:20161002T100016Z-26501-0263-en@katana
DTSTART;VALUE=DATE:20480427
DTEND;VALUE=DATE:20480428
CATEGORIES:Public Holiday
TRANSP:TRANSPARENT
END:VEVENT
BEGIN:VEVENT
DTSTAMP:20161002T100016Z
SUMMARY:Koningsdag (King's Day)
UID:20161002T100016Z-26501-0264-en@katana
DTSTART;VALUE=DATE:20490427
DTEND;VALUE=DATE:20490428
CATEGORIES:Public Holiday
TRANSP:TRANSPARENT
END:VEVENT
BEGIN:VEVENT
DTSTAMP:20161002T100016Z
SUMMARY:Koningsdag (King's Day)
UID:20161002T100016Z-26501-0265-en@katana
DTSTART;VALUE=DATE:20500427
DTEND;VALUE=DATE:20500428
CATEGORIES:Public Holiday
TRANSP:TRANSPARENT
END:VEVENT
BEGIN:VEVENT
DTSTAMP:20161002T100016Z
SUMMARY:Tweede Paasdag (Easter Monday)
UID:20161002T100016Z-26501-0266-en@katana
DTSTART;VALUE=DATE:20100405
DTEND;VALUE=DATE:20100406
CATEGORIES:Public Holiday
TRANSP:TRANSPARENT
END:VEVENT
BEGIN:VEVENT
DTSTAMP:20161002T100016Z
SUMMARY:Tweede Paasdag (Easter Monday)
UID:20161002T100016Z-26501-0267-en@katana
DTSTART;VALUE=DATE:20110425
DTEND;VALUE=DATE:20110426
CATEGORIES:Public Holiday
TRANSP:TRANSPARENT
END:VEVENT
BEGIN:VEVENT
DTSTAMP:20161002T100016Z
SUMMARY:Tweede Paasdag (Easter Monday)
UID:20161002T100016Z-26501-0268-en@katana
DTSTART;VALUE=DATE:20120408
DTEND;VALUE=DATE:20120409
CATEGORIES:Public Holiday
TRANSP:TRANSPARENT
END:VEVENT
BEGIN:VEVENT
DTSTAMP:20161002T100016Z
SUMMARY:Tweede Paasdag (Easter Monday)
UID:20161002T100016Z-26501-0269-en@katana
DTSTART;VALUE=DATE:20130401
DTEND;VALUE=DATE:20130402
CATEGORIES:Public Holiday
TRANSP:TRANSPARENT
END:VEVENT
BEGIN:VEVENT
DTSTAMP:20161002T100016Z
SUMMARY:Tweede Paasdag (Easter Monday)
UID:20161002T100016Z-26501-0270-en@katana
DTSTART;VALUE=DATE:20140421
DTEND;VALUE=DATE:20140422
CATEGORIES:Public Holiday
TRANSP:TRANSPARENT
END:VEVENT
BEGIN:VEVENT
DTSTAMP:20161002T100016Z
SUMMARY:Tweede Paasdag (Easter Monday)
UID:20161002T100016Z-26501-0271-en@katana
DTSTART;VALUE=DATE:20150406
DTEND;VALUE=DATE:20150407
CATEGORIES:Public Holiday
TRANSP:TRANSPARENT
END:VEVENT
BEGIN:VEVENT
DTSTAMP:20161002T100016Z
SUMMARY:Tweede Paasdag (Easter Monday)
UID:20161002T100016Z-26501-0272-en@katana
DTSTART;VALUE=DATE:20160328
DTEND;VALUE=DATE:20160329
CATEGORIES:Public Holiday
TRANSP:TRANSPARENT
END:VEVENT
BEGIN:VEVENT
DTSTAMP:20161002T100016Z
SUMMARY:Tweede Paasdag (Easter Monday)
UID:20161002T100016Z-26501-0273-en@katana
DTSTART;VALUE=DATE:20170417
DTEND;VALUE=DATE:20170418
CATEGORIES:Public Holiday
TRANSP:TRANSPARENT
END:VEVENT
BEGIN:VEVENT
DTSTAMP:20161002T100016Z
SUMMARY:Tweede Paasdag (Easter Monday)
UID:20161002T100016Z-26501-0274-en@katana
DTSTART;VALUE=DATE:20180402
DTEND;VALUE=DATE:20180403
CATEGORIES:Public Holiday
TRANSP:TRANSPARENT
END:VEVENT
BEGIN:VEVENT
DTSTAMP:20161002T100016Z
SUMMARY:Tweede Paasdag (Easter Monday)
UID:20161002T100016Z-26501-0275-en@katana
DTSTART;VALUE=DATE:20190422
DTEND;VALUE=DATE:20190423
CATEGORIES:Public Holiday
TRANSP:TRANSPARENT
END:VEVENT
BEGIN:VEVENT
DTSTAMP:20161002T100016Z
SUMMARY:Tweede Paasdag (Easter Monday)
UID:20161002T100016Z-26501-0276-en@katana
DTSTART;VALUE=DATE:20200413
DTEND;VALUE=DATE:20200414
CATEGORIES:Public Holiday
TRANSP:TRANSPARENT
END:VEVENT
BEGIN:VEVENT
DTSTAMP:20161002T100016Z
SUMMARY:Tweede Paasdag (Easter Monday)
UID:20161002T100016Z-26501-0277-en@katana
DTSTART;VALUE=DATE:20210405
DTEND;VALUE=DATE:20210406
CATEGORIES:Public Holiday
TRANSP:TRANSPARENT
END:VEVENT
BEGIN:VEVENT
DTSTAMP:20161002T100016Z
SUMMARY:Tweede Paasdag (Easter Monday)
UID:20161002T100016Z-26501-0278-en@katana
DTSTART;VALUE=DATE:20220418
DTEND;VALUE=DATE:20220419
CATEGORIES:Public Holiday
TRANSP:TRANSPARENT
END:VEVENT
BEGIN:VEVENT
DTSTAMP:20161002T100016Z
SUMMARY:Tweede Paasdag (Easter Monday)
UID:20161002T100016Z-26501-0279-en@katana
DTSTART;VALUE=DATE:20230410
DTEND;VALUE=DATE:20230411
CATEGORIES:Public Holiday
TRANSP:TRANSPARENT
END:VEVENT
BEGIN:VEVENT
DTSTAMP:20161002T100016Z
SUMMARY:Tweede Paasdag (Easter Monday)
UID:20161002T100016Z-26501-0280-en@katana
DTSTART;VALUE=DATE:20240401
DTEND;VALUE=DATE:20240402
CATEGORIES:Public Holiday
TRANSP:TRANSPARENT
END:VEVENT
BEGIN:VEVENT
DTSTAMP:20161002T100016Z
SUMMARY:Tweede Paasdag (Easter Monday)
UID:20161002T100016Z-26501-0281-en@katana
DTSTART;VALUE=DATE:20250421
DTEND;VALUE=DATE:20250422
CATEGORIES:Public Holiday
TRANSP:TRANSPARENT
END:VEVENT
BEGIN:VEVENT
DTSTAMP:20161002T100016Z
SUMMARY:Tweede Paasdag (Easter Monday)
UID:20161002T100016Z-26501-0282-en@katana
DTSTART;VALUE=DATE:20260406
DTEND;VALUE=DATE:20260407
CATEGORIES:Public Holiday
TRANSP:TRANSPARENT
END:VEVENT
BEGIN:VEVENT
DTSTAMP:20161002T100016Z
SUMMARY:Tweede Paasdag (Easter Monday)
UID:20161002T100016Z-26501-0283-en@katana
DTSTART;VALUE=DATE:20270329
DTEND;VALUE=DATE:20270330
CATEGORIES:Public Holiday
TRANSP:TRANSPARENT
END:VEVENT
BEGIN:VEVENT
DTSTAMP:20161002T100016Z
SUMMARY:Tweede Paasdag (Easter Monday)
UID:20161002T100016Z-26501-0284-en@katana
DTSTART;VALUE=DATE:20280417
DTEND;VALUE=DATE:20280418
CATEGORIES:Public Holiday
TRANSP:TRANSPARENT
END:VEVENT
BEGIN:VEVENT
DTSTAMP:20161002T100016Z
SUMMARY:Tweede Paasdag (Easter Monday)
UID:20161002T100016Z-26501-0285-en@katana
DTSTART;VALUE=DATE:20290402
DTEND;VALUE=DATE:20290403
CATEGORIES:Public Holiday
TRANSP:TRANSPARENT
END:VEVENT
BEGIN:VEVENT
DTSTAMP:20161002T100016Z
SUMMARY:Tweede Paasdag (Easter Monday)
UID:20161002T100016Z-26501-0286-en@katana
DTSTART;VALUE=DATE:20300422
DTEND;VALUE=DATE:20300423
CATEGORIES:Public Holiday
TRANSP:TRANSPARENT
END:VEVENT
BEGIN:VEVENT
DTSTAMP:20161002T100016Z
SUMMARY:Tweede Paasdag (Easter Monday)
UID:20161002T100016Z-26501-0287-en@katana
DTSTART;VALUE=DATE:20310414
DTEND;VALUE=DATE:20310415
CATEGORIES:Public Holiday
TRANSP:TRANSPARENT
END:VEVENT
BEGIN:VEVENT
DTSTAMP:20161002T100016Z
SUMMARY:Tweede Paasdag (Easter Monday)
UID:20161002T100016Z-26501-0288-en@katana
DTSTART;VALUE=DATE:20320329
DTEND;VALUE=DATE:20320330
CATEGORIES:Public Holiday
TRANSP:TRANSPARENT
END:VEVENT
BEGIN:VEVENT
DTSTAMP:20161002T100016Z
SUMMARY:Tweede Paasdag (Easter Monday)
UID:20161002T100016Z-26501-0289-en@katana
DTSTART;VALUE=DATE:20330418
DTEND;VALUE=DATE:20330419
CATEGORIES:Public Holiday
TRANSP:TRANSPARENT
END:VEVENT
BEGIN:VEVENT
DTSTAMP:20161002T100016Z
SUMMARY:Tweede Paasdag (Easter Monday)
UID:20161002T100016Z-26501-0290-en@katana
DTSTART;VALUE=DATE:20340410
DTEND;VALUE=DATE:20340411
CATEGORIES:Public Holiday
TRANSP:TRANSPARENT
END:VEVENT
BEGIN:VEVENT
DTSTAMP:20161002T100016Z
SUMMARY:Tweede Paasdag (Easter Monday)
UID:20161002T100016Z-26501-0291-en@katana
DTSTART;VALUE=DATE:20350326
DTEND;VALUE=DATE:20350327
CATEGORIES:Public Holiday
TRANSP:TRANSPARENT
END:VEVENT
BEGIN:VEVENT
DTSTAMP:20161002T100016Z
SUMMARY:Tweede Paasdag (Easter Monday)
UID:20161002T100016Z-26501-0292-en@katana
DTSTART;VALUE=DATE:20360414
DTEND;VALUE=DATE:20360415
CATEGORIES:Public Holiday
TRANSP:TRANSPARENT
END:VEVENT
BEGIN:VEVENT
DTSTAMP:20161002T100016Z
SUMMARY:Tweede Paasdag (Easter Monday)
UID:20161002T100016Z-26501-0293-en@katana
DTSTART;VALUE=DATE:20370406
DTEND;VALUE=DATE:20370407
CATEGORIES:Public Holiday
TRANSP:TRANSPARENT
END:VEVENT
BEGIN:VEVENT
DTSTAMP:20161002T100016Z
SUMMARY:Tweede Paasdag (Easter Monday)
UID:20161002T100016Z-26501-0294-en@katana
DTSTART;VALUE=DATE:20380426
DTEND;VALUE=DATE:20380427
CATEGORIES:Public Holiday
TRANSP:TRANSPARENT
END:VEVENT
BEGIN:VEVENT
DTSTAMP:20161002T100016Z
SUMMARY:Tweede Paasdag (Easter Monday)
UID:20161002T100016Z-26501-0295-en@katana
DTSTART;VALUE=DATE:20390411
DTEND;VALUE=DATE:20390412
CATEGORIES:Public Holiday
TRANSP:TRANSPARENT
END:VEVENT
BEGIN:VEVENT
DTSTAMP:20161002T100016Z
SUMMARY:Tweede Paasdag (Easter Monday)
UID:20161002T100016Z-26501-0296-en@katana
DTSTART;VALUE=DATE:20400402
DTEND;VALUE=DATE:20400403
CATEGORIES:Public Holiday
TRANSP:TRANSPARENT
END:VEVENT
BEGIN:VEVENT
DTSTAMP:20161002T100016Z
SUMMARY:Tweede Paasdag (Easter Monday)
UID:20161002T100016Z-26501-0297-en@katana
DTSTART;VALUE=DATE:20410422
DTEND;VALUE=DATE:20410423
CATEGORIES:Public Holiday
TRANSP:TRANSPARENT
END:VEVENT
BEGIN:VEVENT
DTSTAMP:20161002T100016Z
SUMMARY:Tweede Paasdag (Easter Monday)
UID:20161002T100016Z-26501-0298-en@katana
DTSTART;VALUE=DATE:20420407
DTEND;VALUE=DATE:20420408
CATEGORIES:Public Holiday
TRANSP:TRANSPARENT
END:VEVENT
BEGIN:VEVENT
DTSTAMP:20161002T100016Z
SUMMARY:Tweede Paasdag (Easter Monday)
UID:20161002T100016Z-26501-0299-en@katana
DTSTART;VALUE=DATE:20430330
DTEND;VALUE=DATE:20430331
CATEGORIES:Public Holiday
TRANSP:TRANSPARENT
END:VEVENT
BEGIN:VEVENT
DTSTAMP:20161002T100016Z
SUMMARY:Tweede Paasdag (Easter Monday)
UID:20161002T100016Z-26501-0300-en@katana
DTSTART;VALUE=DATE:20440418
DTEND;VALUE=DATE:20440419
CATEGORIES:Public Holiday
TRANSP:TRANSPARENT
END:VEVENT
BEGIN:VEVENT
DTSTAMP:20161002T100016Z
SUMMARY:Tweede Paasdag (Easter Monday)
UID:20161002T100016Z-26501-0301-en@katana
DTSTART;VALUE=DATE:20450410
DTEND;VALUE=DATE:20450411
CATEGORIES:Public Holiday
TRANSP:TRANSPARENT
END:VEVENT
BEGIN:VEVENT
DTSTAMP:20161002T100016Z
SUMMARY:Tweede Paasdag (Easter Monday)
UID:20161002T100016Z-26501-0302-en@katana
DTSTART;VALUE=DATE:20460326
DTEND;VALUE=DATE:20460327
CATEGORIES:Public Holiday
TRANSP:TRANSPARENT
END:VEVENT
BEGIN:VEVENT
DTSTAMP:20161002T100016Z
SUMMARY:Tweede Paasdag (Easter Monday)
UID:20161002T100016Z-26501-0303-en@katana
DTSTART;VALUE=DATE:20470415
DTEND;VALUE=DATE:20470416
CATEGORIES:Public Holiday
TRANSP:TRANSPARENT
END:VEVENT
BEGIN:VEVENT
DTSTAMP:20161002T100016Z
SUMMARY:Tweede Paasdag (Easter Monday)
UID:20161002T100016Z-26501-0304-en@katana
DTSTART;VALUE=DATE:20480406
DTEND;VALUE=DATE:20480407
CATEGORIES:Public Holiday
TRANSP:TRANSPARENT
END:VEVENT
BEGIN:VEVENT
DTSTAMP:20161002T100016Z
SUMMARY:Tweede Paasdag (Easter Monday)
UID:20161002T100016Z-26501-0305-en@katana
DTSTART;VALUE=DATE:20490419
DTEND;VALUE=DATE:20490420
CATEGORIES:Public Holiday
TRANSP:TRANSPARENT
END:VEVENT
BEGIN:VEVENT
DTSTAMP:20161002T100016Z
SUMMARY:Tweede Paasdag (Easter Monday)
UID:20161002T100016Z-26501-0306-en@katana
DTSTART;VALUE=DATE:20500411
DTEND;VALUE=DATE:20500412
CATEGORIES:Public Holiday
TRANSP:TRANSPARENT
END:VEVENT
BEGIN:VEVENT
DTSTAMP:20161002T100016Z
SUMMARY:Tweede Pinksterdag (Pentecost Monday)
UID:20161002T100016Z-26501-0307-en@katana
DTSTART;VALUE=DATE:20100524
DTEND;VALUE=DATE:20100525
CATEGORIES:Public Holiday
TRANSP:TRANSPARENT
END:VEVENT
BEGIN:VEVENT
DTSTAMP:20161002T100016Z
SUMMARY:Tweede Pinksterdag (Pentecost Monday)
UID:20161002T100016Z-26501-0308-en@katana
DTSTART;VALUE=DATE:20110613
DTEND;VALUE=DATE:20110614
CATEGORIES:Public Holiday
TRANSP:TRANSPARENT
END:VEVENT
BEGIN:VEVENT
DTSTAMP:20161002T100016Z
SUMMARY:Tweede Pinksterdag (Pentecost Monday)
UID:20161002T100016Z-26501-0309-en@katana
DTSTART;VALUE=DATE:20120528
DTEND;VALUE=DATE:20120529
CATEGORIES:Public Holiday
TRANSP:TRANSPARENT
END:VEVENT
BEGIN:VEVENT
DTSTAMP:20161002T100016Z
SUMMARY:Tweede Pinksterdag (Pentecost Monday)
UID:20161002T100016Z-26501-0310-en@katana
DTSTART;VALUE=DATE:20130520
DTEND;VALUE=DATE:20130521
CATEGORIES:Public Holiday
TRANSP:TRANSPARENT
END:VEVENT
BEGIN:VEVENT
DTSTAMP:20161002T100016Z
SUMMARY:Tweede Pinksterdag (Pentecost Monday)
UID:20161002T100016Z-26501-0311-en@katana
DTSTART;VALUE=DATE:20140609
DTEND;VALUE=DATE:20140610
CATEGORIES:Public Holiday
TRANSP:TRANSPARENT
END:VEVENT
BEGIN:VEVENT
DTSTAMP:20161002T100016Z
SUMMARY:Tweede Pinksterdag (Pentecost Monday)
UID:20161002T100016Z-26501-0312-en@katana
DTSTART;VALUE=DATE:20150525
DTEND;VALUE=DATE:20150526
CATEGORIES:Public Holiday
TRANSP:TRANSPARENT
END:VEVENT
BEGIN:VEVENT
DTSTAMP:20161002T100016Z
SUMMARY:Tweede Pinksterdag (Pentecost Monday)
UID:20161002T100016Z-26501-0313-en@katana
DTSTART;VALUE=DATE:20160516
DTEND;VALUE=DATE:20160517
CATEGORIES:Public Holiday
TRANSP:TRANSPARENT
END:VEVENT
BEGIN:VEVENT
DTSTAMP:20161002T100016Z
SUMMARY:Tweede Pinksterdag (Pentecost Monday)
UID:20161002T100016Z-26501-0314-en@katana
DTSTART;VALUE=DATE:20170605
DTEND;VALUE=DATE:20170606
CATEGORIES:Public Holiday
TRANSP:TRANSPARENT
END:VEVENT
BEGIN:VEVENT
DTSTAMP:20161002T100016Z
SUMMARY:Tweede Pinksterdag (Pentecost Monday)
UID:20161002T100016Z-26501-0315-en@katana
DTSTART;VALUE=DATE:20180521
DTEND;VALUE=DATE:20180522
CATEGORIES:Public Holiday
TRANSP:TRANSPARENT
END:VEVENT
BEGIN:VEVENT
DTSTAMP:20161002T100016Z
SUMMARY:Tweede Pinksterdag (Pentecost Monday)
UID:20161002T100016Z-26501-0316-en@katana
DTSTART;VALUE=DATE:20190610
DTEND;VALUE=DATE:20190611
CATEGORIES:Public Holiday
TRANSP:TRANSPARENT
END:VEVENT
BEGIN:VEVENT
DTSTAMP:20161002T100016Z
SUMMARY:Tweede Pinksterdag (Pentecost Monday)
UID:20161002T100016Z-26501-0317-en@katana
DTSTART;VALUE=DATE:20200601
DTEND;VALUE=DATE:20200602
CATEGORIES:Public Holiday
TRANSP:TRANSPARENT
END:VEVENT
BEGIN:VEVENT
DTSTAMP:20161002T100016Z
SUMMARY:Tweede Pinksterdag (Pentecost Monday)
UID:20161002T100016Z-26501-0318-en@katana
DTSTART;VALUE=DATE:20210524
DTEND;VALUE=DATE:20210525
CATEGORIES:Public Holiday
TRANSP:TRANSPARENT
END:VEVENT
BEGIN:VEVENT
DTSTAMP:20161002T100016Z
SUMMARY:Tweede Pinksterdag (Pentecost Monday)
UID:20161002T100016Z-26501-0319-en@katana
DTSTART;VALUE=DATE:20220606
DTEND;VALUE=DATE:20220607
CATEGORIES:Public Holiday
TRANSP:TRANSPARENT
END:VEVENT
BEGIN:VEVENT
DTSTAMP:20161002T100016Z
SUMMARY:Tweede Pinksterdag (Pentecost Monday)
UID:20161002T100016Z-26501-0320-en@katana
DTSTART;VALUE=DATE:20230529
DTEND;VALUE=DATE:20230530
CATEGORIES:Public Holiday
TRANSP:TRANSPARENT
END:VEVENT
BEGIN:VEVENT
DTSTAMP:20161002T100016Z
SUMMARY:Tweede Pinksterdag (Pentecost Monday)
UID:20161002T100016Z-26501-0321-en@katana
DTSTART;VALUE=DATE:20240520
DTEND;VALUE=DATE:20240521
CATEGORIES:Public Holiday
TRANSP:TRANSPARENT
END:VEVENT
BEGIN:VEVENT
DTSTAMP:20161002T100016Z
SUMMARY:Tweede Pinksterdag (Pentecost Monday)
UID:20161002T100016Z-26501-0322-en@katana
DTSTART;VALUE=DATE:20250609
DTEND;VALUE=DATE:20250610
CATEGORIES:Public Holiday
TRANSP:TRANSPARENT
END:VEVENT
BEGIN:VEVENT
DTSTAMP:20161002T100016Z
SUMMARY:Tweede Pinksterdag (Pentecost Monday)
UID:20161002T100016Z-26501-0323-en@katana
DTSTART;VALUE=DATE:20260525
DTEND;VALUE=DATE:20260526
CATEGORIES:Public Holiday
TRANSP:TRANSPARENT
END:VEVENT
BEGIN:VEVENT
DTSTAMP:20161002T100016Z
SUMMARY:Tweede Pinksterdag (Pentecost Monday)
UID:20161002T100016Z-26501-0324-en@katana
DTSTART;VALUE=DATE:20270517
DTEND;VALUE=DATE:20270518
CATEGORIES:Public Holiday
TRANSP:TRANSPARENT
END:VEVENT
BEGIN:VEVENT
DTSTAMP:20161002T100016Z
SUMMARY:Tweede Pinksterdag (Pentecost Monday)
UID:20161002T100016Z-26501-0325-en@katana
DTSTART;VALUE=DATE:20280605
DTEND;VALUE=DATE:20280606
CATEGORIES:Public Holiday
TRANSP:TRANSPARENT
END:VEVENT
BEGIN:VEVENT
DTSTAMP:20161002T100016Z
SUMMARY:Tweede Pinksterdag (Pentecost Monday)
UID:20161002T100016Z-26501-0326-en@katana
DTSTART;VALUE=DATE:20290521
DTEND;VALUE=DATE:20290522
CATEGORIES:Public Holiday
TRANSP:TRANSPARENT
END:VEVENT
BEGIN:VEVENT
DTSTAMP:20161002T100016Z
SUMMARY:Tweede Pinksterdag (Pentecost Monday)
UID:20161002T100016Z-26501-0327-en@katana
DTSTART;VALUE=DATE:20300610
DTEND;VALUE=DATE:20300611
CATEGORIES:Public Holiday
TRANSP:TRANSPARENT
END:VEVENT
BEGIN:VEVENT
DTSTAMP:20161002T100016Z
SUMMARY:Tweede Pinksterdag (Pentecost Monday)
UID:20161002T100016Z-26501-0328-en@katana
DTSTART;VALUE=DATE:20310602
DTEND;VALUE=DATE:20310603
CATEGORIES:Public Holiday
TRANSP:TRANSPARENT
END:VEVENT
BEGIN:VEVENT
DTSTAMP:20161002T100016Z
SUMMARY:Tweede Pinksterdag (Pentecost Monday)
UID:20161002T100016Z-26501-0329-en@katana
DTSTART;VALUE=DATE:20320517
DTEND;VALUE=DATE:20320518
CATEGORIES:Public Holiday
TRANSP:TRANSPARENT
END:VEVENT
BEGIN:VEVENT
DTSTAMP:20161002T100016Z
SUMMARY:Tweede Pinksterdag (Pentecost Monday)
UID:20161002T100016Z-26501-0330-en@katana
DTSTART;VALUE=DATE:20330606
DTEND;VALUE=DATE:20330607
CATEGORIES:Public Holiday
TRANSP:TRANSPARENT
END:VEVENT
BEGIN:VEVENT
DTSTAMP:20161002T100016Z
SUMMARY:Tweede Pinksterdag (Pentecost Monday)
UID:20161002T100016Z-26501-0331-en@katana
DTSTART;VALUE=DATE:20340529
DTEND;VALUE=DATE:20340530
CATEGORIES:Public Holiday
TRANSP:TRANSPARENT
END:VEVENT
BEGIN:VEVENT
DTSTAMP:20161002T100016Z
SUMMARY:Tweede Pinksterdag (Pentecost Monday)
UID:20161002T100016Z-26501-0332-en@katana
DTSTART;VALUE=DATE:20350514
DTEND;VALUE=DATE:20350515
CATEGORIES:Public Holiday
TRANSP:TRANSPARENT
END:VEVENT
BEGIN:VEVENT
DTSTAMP:20161002T100016Z
SUMMARY:Tweede Pinksterdag (Pentecost Monday)
UID:20161002T100016Z-26501-0333-en@katana
DTSTART;VALUE=DATE:20360602
DTEND;VALUE=DATE:20360603
CATEGORIES:Public Holiday
TRANSP:TRANSPARENT
END:VEVENT
BEGIN:VEVENT
DTSTAMP:20161002T100016Z
SUMMARY:Tweede Pinksterdag (Pentecost Monday)
UID:20161002T100016Z-26501-0334-en@katana
DTSTART;VALUE=DATE:20370525
DTEND;VALUE=DATE:20370526
CATEGORIES:Public Holiday
TRANSP:TRANSPARENT
END:VEVENT
BEGIN:VEVENT
DTSTAMP:20161002T100016Z
SUMMARY:Tweede Pinksterdag (Pentecost Monday)
UID:20161002T100016Z-26501-0335-en@katana
DTSTART;VALUE=DATE:20380602
DTEND;VALUE=DATE:20380603
CATEGORIES:Public Holiday
TRANSP:TRANSPARENT
END:VEVENT
BEGIN:VEVENT
DTSTAMP:20161002T100016Z
SUMMARY:Tweede Pinksterdag (Pentecost Monday)
UID:20161002T100016Z-26501-0336-en@katana
DTSTART;VALUE=DATE:20390530
DTEND;VALUE=DATE:20390531
CATEGORIES:Public Holiday
TRANSP:TRANSPARENT
END:VEVENT
BEGIN:VEVENT
DTSTAMP:20161002T100016Z
SUMMARY:Tweede Pinksterdag (Pentecost Monday)
UID:20161002T100016Z-26501-0337-en@katana
DTSTART;VALUE=DATE:20400521
DTEND;VALUE=DATE:20400522
CATEGORIES:Public Holiday
TRANSP:TRANSPARENT
END:VEVENT
BEGIN:VEVENT
DTSTAMP:20161002T100016Z
SUMMARY:Tweede Pinksterdag (Pentecost Monday)
UID:20161002T100016Z-26501-0338-en@katana
DTSTART;VALUE=DATE:20410610
DTEND;VALUE=DATE:20410611
CATEGORIES:Public Holiday
TRANSP:TRANSPARENT
END:VEVENT
BEGIN:VEVENT
DTSTAMP:20161002T100016Z
SUMMARY:Tweede Pinksterdag (Pentecost Monday)
UID:20161002T100016Z-26501-0339-en@katana
DTSTART;VALUE=DATE:20420526
DTEND;VALUE=DATE:20420527
CATEGORIES:Public Holiday
TRANSP:TRANSPARENT
END:VEVENT
BEGIN:VEVENT
DTSTAMP:20161002T100016Z
SUMMARY:Tweede Pinksterdag (Pentecost Monday)
UID:20161002T100016Z-26501-0340-en@katana
DTSTART;VALUE=DATE:20430518
DTEND;VALUE=DATE:20430519
CATEGORIES:Public Holiday
TRANSP:TRANSPARENT
END:VEVENT
BEGIN:VEVENT
DTSTAMP:20161002T100016Z
SUMMARY:Tweede Pinksterdag (Pentecost Monday)
UID:20161002T100016Z-26501-0341-en@katana
DTSTART;VALUE=DATE:20440606
DTEND;VALUE=DATE:20440607
CATEGORIES:Public Holiday
TRANSP:TRANSPARENT
END:VEVENT
BEGIN:VEVENT
DTSTAMP:20161002T100016Z
SUMMARY:Tweede Pinksterdag (Pentecost Monday)
UID:20161002T100016Z-26501-0342-en@katana
DTSTART;VALUE=DATE:20450529
DTEND;VALUE=DATE:20450530
CATEGORIES:Public Holiday
TRANSP:TRANSPARENT
END:VEVENT
BEGIN:VEVENT
DTSTAMP:20161002T100016Z
SUMMARY:Tweede Pinksterdag (Pentecost Monday)
UID:20161002T100016Z-26501-0343-en@katana
DTSTART;VALUE=DATE:20460514
DTEND;VALUE=DATE:20460515
CATEGORIES:Public Holiday
TRANSP:TRANSPARENT
END:VEVENT
BEGIN:VEVENT
DTSTAMP:20161002T100016Z
SUMMARY:Tweede Pinksterdag (Pentecost Monday)
UID:20161002T100016Z-26501-0344-en@katana
DTSTART;VALUE=DATE:20470603
DTEND;VALUE=DATE:20470604
CATEGORIES:Public Holiday
TRANSP:TRANSPARENT
END:VEVENT
BEGIN:VEVENT
DTSTAMP:20161002T100016Z
SUMMARY:Tweede Pinksterdag (Pentecost Monday)
UID:20161002T100016Z-26501-0345-en@katana
DTSTART;VALUE=DATE:20480525
DTEND;VALUE=DATE:20480526
CATEGORIES:Public Holiday
TRANSP:TRANSPARENT
END:VEVENT
BEGIN:VEVENT
DTSTAMP:20161002T100016Z
SUMMARY:Tweede Pinksterdag (Pentecost Monday)
UID:20161002T100016Z-26501-0346-en@katana
DTSTART;VALUE=DATE:20490607
DTEND;VALUE=DATE:20490608
CATEGORIES:Public Holiday
TRANSP:TRANSPARENT
END:VEVENT
BEGIN:VEVENT
DTSTAMP:20161002T100016Z
SUMMARY:Tweede Pinksterdag (Pentecost Monday)
UID:20161002T100016Z-26501-0347-en@katana
DTSTART;VALUE=DATE:20500530
DTEND;VALUE=DATE:20500531
CATEGORIES:Public Holiday
TRANSP:TRANSPARENT
END:VEVENT
END:VCALENDAR
