BEGIN:VCALENDAR
PRODID:-//Mozilla.org/NONSGML Mozilla Calendar V1.1//EN
VERSION:2.0
X-WR-CALNAME:GermanHolidays
X-WR-TIMEZONE:Europe/Berlin
BEGIN:VEVENT
CREATED:20061023T132503Z
LAST-MODIFIED:20101205T150148Z
DTSTAMP:20101205T150148Z
UID:928286484
SUMMARY:Neujahr
STATUS:CONFIRMED
RRULE:FREQ=YEARLY;BYMONTH=1
CATEGORIES:Feiertag
DTSTART;VALUE=DATE:20060101
DTEND;VALUE=DATE:20060102
END:VEVENT
BEGIN:VEVENT
CREATED:20061023T132503Z
LAST-MODIFIED:20101214T141313Z
DTSTAMP:20101214T141313Z
UID:917544590
SUMMARY:Heilige drei Könige
STATUS:CONFIRMED
RRULE:FREQ=YEARLY;BYMONTH=1
CATEGORIES:Feiertag
DTSTART;VALUE=DATE:20060106
DTEND;VALUE=DATE:20060107
DESCRIPTION:Christlicher Feiertag. Nur in Baden-Württemberg\, Bayern und 
 Sachsen-Anhalt.
END:VEVENT
BEGIN:VEVENT
CREATED:20061023T132503Z
LAST-MODIFIED:20101205T150247Z
DTSTAMP:20101205T150247Z
UID:959125914
SUMMARY:Valentinstag
STATUS:CONFIRMED
RRULE:FREQ=YEARLY;BYMONTH=2
CATEGORIES:Feiertag
DTSTART;VALUE=DATE:20060214
DTEND;VALUE=DATE:20060215
DESCRIPTION:Christlicher Feiertag. Kein gesetzlicher Feiertag.
END:VEVENT
BEGIN:VEVENT
CREATED:20061023T132504Z
LAST-MODIFIED:20101205T150304Z
DTSTAMP:20101205T150304Z
UID:999463355
SUMMARY:Tag der Arbeit
STATUS:CONFIRMED
RRULE:FREQ=YEARLY;BYMONTH=5
CATEGORIES:Feiertag
DTSTART;VALUE=DATE:20060501
DTEND;VALUE=DATE:20060502
END:VEVENT
BEGIN:VEVENT
CREATED:20061023T132504Z
LAST-MODIFIED:20101205T150318Z
DTSTAMP:20101205T150318Z
UID:942159081
SUMMARY:Friedensfest
STATUS:CONFIRMED
RRULE:FREQ=YEARLY;BYMONTH=8
CATEGORIES:Feiertag
DTSTART;VALUE=DATE:20060808
DTEND;VALUE=DATE:20060809
DESCRIPTION:Gesetzlicher Feiertag. Nur in der Stadt Augsburg (Bayern)
END:VEVENT
BEGIN:VEVENT
CREATED:20061023T132504Z
LAST-MODIFIED:20101205T150341Z
DTSTAMP:20101205T150341Z
UID:932572589
SUMMARY:Tag der Deutschen Einheit
STATUS:CONFIRMED
RRULE:FREQ=YEARLY;BYMONTH=10
CATEGORIES:Feiertag
DTSTART;VALUE=DATE:20061003
DTEND;VALUE=DATE:20061004
END:VEVENT
BEGIN:VEVENT
CREATED:20061023T132504Z
LAST-MODIFIED:20101205T150445Z
DTSTAMP:20101205T150445Z
UID:915905148
SUMMARY:Nikolaus
STATUS:CONFIRMED
RRULE:FREQ=YEARLY;BYMONTH=12
CATEGORIES:Feiertag
DTSTART;VALUE=DATE:20061206
DTEND;VALUE=DATE:20061207
DESCRIPTION:Christlicher Feiertag. Kein gesetzlicher Feiertag.
END:VEVENT
BEGIN:VEVENT
CREATED:20061023T132504Z
LAST-MODIFIED:20101205T150458Z
DTSTAMP:20101205T150458Z
UID:031bd550-c8d9-11da-9d0c-a4805e40b203
SUMMARY:Heiliger Abend
STATUS:CONFIRMED
RRULE:FREQ=YEARLY;BYMONTH=12
CATEGORIES:Feiertag
DTSTART;VALUE=DATE:20061224
DTEND;VALUE=DATE:20061225
DESCRIPTION:Christlicher Feiertag. Nicht arbeitsfrei.
END:VEVENT
BEGIN:VEVENT
CREATED:20061023T132504Z
LAST-MODIFIED:20061023T132504Z
DTSTAMP:20061023T132504Z
UID:97f269a0-c8d9-11da-b420-f5a1afe01740
SUMMARY:Silvester
STATUS:CONFIRMED
RRULE:FREQ=YEARLY;BYMONTH=12
CATEGORIES:Feiertag
DTSTART;VALUE=DATE:20061231
DTEND;VALUE=DATE:20070101
DESCRIPTION:Nicht arbeitsfrei.
END:VEVENT
BEGIN:VEVENT
CREATED:20061023T132504Z
LAST-MODIFIED:20061023T132504Z
DTSTAMP:20061023T132504Z
UID:984536863
SUMMARY:2. Weihnachtstag
STATUS:CONFIRMED
RRULE:FREQ=YEARLY;BYMONTH=12
CATEGORIES:Feiertag
DTSTART;VALUE=DATE:20061226
DTEND;VALUE=DATE:20061227
DESCRIPTION:Christlicher Feiertag.
END:VEVENT
BEGIN:VEVENT
CREATED:20061023T132504Z
LAST-MODIFIED:20101205T150512Z
DTSTAMP:20101205T150512Z
UID:982967580
SUMMARY:1. Weihnachtstag
STATUS:CONFIRMED
RRULE:FREQ=YEARLY;BYMONTH=12
CATEGORIES:Feiertag
DTSTART;VALUE=DATE:20061225
DTEND;VALUE=DATE:20061226
DESCRIPTION:Christlicher Feiertag.
END:VEVENT
BEGIN:VEVENT
CREATED:20061023T132504Z
LAST-MODIFIED:20061023T132504Z
DTSTAMP:20061023T132504Z
UID:ff3759b0-c8ee-11da-acd9-ed295e87b219
SUMMARY:Aschermittwoch
STATUS:CONFIRMED
CATEGORIES:Feiertag
DTSTART;VALUE=DATE:20100217
DTEND;VALUE=DATE:20100218
DESCRIPTION:Christlicher Feiertag. Nicht arbeitsfrei.
END:VEVENT
BEGIN:VEVENT
CREATED:20061023T132504Z
LAST-MODIFIED:20061023T132504Z
DTSTAMP:20061023T132504Z
UID:070612f0-c8ef-11da-a72d-a4583b6823fe
SUMMARY:Rosenmontag
STATUS:CONFIRMED
CATEGORIES:Feiertag
DTSTART;VALUE=DATE:20100215
DTEND;VALUE=DATE:20100216
DESCRIPTION:Karneval
END:VEVENT
BEGIN:VEVENT
CREATED:20061023T132504Z
LAST-MODIFIED:20061023T132504Z
DTSTAMP:20061023T132504Z
UID:52620920-c8ef-11da-a67c-d07ee9c733e4
SUMMARY:Palmsonntag
STATUS:CONFIRMED
CATEGORIES:Feiertag
DTSTART;VALUE=DATE:20100328
DTEND;VALUE=DATE:20100329
DESCRIPTION:Christlicher Feiertag
END:VEVENT
BEGIN:VEVENT
CREATED:20061023T132504Z
LAST-MODIFIED:20101205T145041Z
DTSTAMP:20101205T145041Z
UID:5e56c5b0-c8ef-11da-8df4-e73c3b84ba44
SUMMARY:Karfreitag
STATUS:CONFIRMED
CATEGORIES:Feiertag
DTSTART;VALUE=DATE:20100402
DTEND;VALUE=DATE:20100403
DESCRIPTION:Christlicher Feiertag
END:VEVENT
BEGIN:VEVENT
CREATED:20061023T132504Z
LAST-MODIFIED:20061023T132504Z
DTSTAMP:20061023T132504Z
UID:6a6a1200-c8ef-11da-b7f6-ff38c79a62e9
SUMMARY:Ostermontag
STATUS:CONFIRMED
CATEGORIES:Feiertag
DTSTART;VALUE=DATE:20100405
DTEND;VALUE=DATE:20100406
DESCRIPTION:Christlicher Feiertag.
END:VEVENT
BEGIN:VEVENT
CREATED:20061023T132504Z
LAST-MODIFIED:20101205T145050Z
DTSTAMP:20101205T145050Z
UID:62922da0-c8ef-11da-9b1e-89902011e8d0
SUMMARY:Ostern
STATUS:CONFIRMED
CATEGORIES:Feiertag
DTSTART;VALUE=DATE:20100404
DTEND;VALUE=DATE:20100405
DESCRIPTION:Christlicher Feiertag
END:VEVENT
BEGIN:VEVENT
CREATED:20061023T132504Z
LAST-MODIFIED:20061023T132504Z
DTSTAMP:20061023T132504Z
UID:d02b2f50-c8ef-11da-b2c4-cdec8effa193
SUMMARY:Muttertag
STATUS:CONFIRMED
CATEGORIES:Feiertag
DTSTART;VALUE=DATE:20100509
DTEND;VALUE=DATE:20100510
DESCRIPTION:Kein gesetzlicher Feiertag
END:VEVENT
BEGIN:VEVENT
CREATED:20061023T132504Z
LAST-MODIFIED:20101205T145129Z
DTSTAMP:20101205T145129Z
UID:eb5b9260-c8ef-11da-bfcf-c21c54abaed3
SUMMARY:Christi Himmelfahrt
STATUS:CONFIRMED
CATEGORIES:Feiertag
DTSTART;VALUE=DATE:20100513
DTEND;VALUE=DATE:20100514
DESCRIPTION:Christlicher Feiertag
END:VEVENT
BEGIN:VEVENT
CREATED:20061023T132504Z
LAST-MODIFIED:20101205T145235Z
DTSTAMP:20101205T145235Z
UID:03e0e8a0-c8f0-11da-9d99-f7cd36abcaab
SUMMARY:Pfingsten
STATUS:CONFIRMED
CATEGORIES:Feiertag
DTSTART;VALUE=DATE:20100523
DTEND;VALUE=DATE:20100524
DESCRIPTION:Christlicher Feiertag
END:VEVENT
BEGIN:VEVENT
CREATED:20061023T132504Z
LAST-MODIFIED:20101205T145228Z
DTSTAMP:20101205T145228Z
UID:23e890c0-c8f0-11da-b726-ab52813e8e91
SUMMARY:Pfingstmontag
STATUS:CONFIRMED
CATEGORIES:Feiertag
DTSTART;VALUE=DATE:20100524
DTEND;VALUE=DATE:20100525
DESCRIPTION:Christlicher Feiertag
END:VEVENT
BEGIN:VEVENT
CREATED:20061023T132504Z
LAST-MODIFIED:20061023T132504Z
DTSTAMP:20061023T132504Z
UID:25bf5800-c8f1-11da-8235-e09ac6e6ef93
SUMMARY:Buß- und Bettag
STATUS:CONFIRMED
CATEGORIES:Feiertag
DTSTART;VALUE=DATE:20101117
DTEND;VALUE=DATE:20101118
DESCRIPTION:Nur in Sachsen.
END:VEVENT
BEGIN:VEVENT
CREATED:20061023T132504Z
LAST-MODIFIED:20061023T132504Z
DTSTAMP:20061023T132504Z
UID:41baf700-c8f1-11da-99c7-ac5bd910ab27
SUMMARY:Totensonntag
STATUS:CONFIRMED
CATEGORIES:Feiertag
DTSTART;VALUE=DATE:20101121
DTEND;VALUE=DATE:20101122
DESCRIPTION:Christlicher Feiertag.
END:VEVENT
BEGIN:VEVENT
CREATED:20061023T132504Z
LAST-MODIFIED:20061023T132504Z
DTSTAMP:20061023T132504Z
UID:5d1dc740-c8f1-11da-89a1-cf8de886af1e
SUMMARY:Erster Advent
STATUS:CONFIRMED
CATEGORIES:Feiertag
DTSTART;VALUE=DATE:20101128
DTEND;VALUE=DATE:20101129
DESCRIPTION:Christlicher Feiertag.
END:VEVENT
BEGIN:VEVENT
CREATED:20061023T132504Z
LAST-MODIFIED:20061023T132504Z
DTSTAMP:20061023T132504Z
UID:63792df0-c8f1-11da-92e9-91ca53599e3e
SUMMARY:Zweiter Advent
STATUS:CONFIRMED
CATEGORIES:Feiertag
DTSTART;VALUE=DATE:20101205
DTEND;VALUE=DATE:20101206
DESCRIPTION:Christlicher Feiertag.
END:VEVENT
BEGIN:VEVENT
CREATED:20061023T132504Z
LAST-MODIFIED:20061023T132504Z
DTSTAMP:20061023T132504Z
UID:6c0d0660-c8f1-11da-b841-cd0b2b008a9c
SUMMARY:Dritter Advent
STATUS:CONFIRMED
CATEGORIES:Feiertag
DTSTART;VALUE=DATE:20101212
DTEND;VALUE=DATE:20101213
DESCRIPTION:Christlicher Feiertag.
END:VEVENT
BEGIN:VEVENT
CREATED:20061023T132504Z
LAST-MODIFIED:20061023T132504Z
DTSTAMP:20061023T132504Z
UID:7418df20-c8f1-11da-ae80-910833c1dace
SUMMARY:Vierter Advent
STATUS:CONFIRMED
CATEGORIES:Feiertag
DTSTART;VALUE=DATE:20101219
DTEND;VALUE=DATE:20101220
DESCRIPTION:Christlicher Feiertag.
END:VEVENT
BEGIN:VEVENT
CREATED:20061023T132504Z
LAST-MODIFIED:20101205T150327Z
DTSTAMP:20101205T150327Z
UID:948278340
SUMMARY:Mariä Himmelfahrt
STATUS:CONFIRMED
RRULE:FREQ=YEARLY;BYMONTH=8
CATEGORIES:Feiertag
DTSTART;VALUE=DATE:20060815
DTEND;VALUE=DATE:20060816
DESCRIPTION:Christlicher Feiertag. Nur im Saarland\, in Bayern nur in Geme
 inden mit überwiegend\nkatholischer Bevölkerung.
END:VEVENT
BEGIN:VEVENT
CREATED:20061023T132504Z
LAST-MODIFIED:20101205T150351Z
DTSTAMP:20101205T150351Z
UID:996398531
SUMMARY:Reformationstag
STATUS:CONFIRMED
RRULE:FREQ=YEARLY;BYMONTH=10
CATEGORIES:Feiertag
DTSTART;VALUE=DATE:20061031
DTEND;VALUE=DATE:20061101
DESCRIPTION:Nur in Brandenburg\, Mecklenburg-Vorpommern\, Sachsen\, Sachse
 n-Anhalt und Thüringen.
END:VEVENT
BEGIN:VEVENT
CREATED:20061023T132504Z
LAST-MODIFIED:20101205T150408Z
DTSTAMP:20101205T150408Z
UID:970745861
SUMMARY:Allerheiligen
STATUS:CONFIRMED
RRULE:FREQ=YEARLY;BYMONTH=11
CATEGORIES:Feiertag
DTSTART;VALUE=DATE:20061101
DTEND;VALUE=DATE:20061102
DESCRIPTION:Christlicher Feiertag. Nur in Baden-Württemberg\, Bayern\, No
 rdrhein-Westfalen\,\nRheinland-Pfalz und Saarland.
END:VEVENT
BEGIN:VEVENT
CREATED:20061023T132504Z
LAST-MODIFIED:20061023T132504Z
DTSTAMP:20061023T132504Z
UID:36c54940-c8f0-11da-8cb4-8d3d560e0bb7
SUMMARY:Fronleichnam
STATUS:CONFIRMED
CATEGORIES:Feiertag
DTSTART;VALUE=DATE:20100603
DTEND;VALUE=DATE:20100604
DESCRIPTION:Christlicher Feiertag. Nur in Baden-Württemberg\, Bayern\, He
 ssen\, Nordrhein-Westfalen\,\nRheinland-Pfalz\, Saarland\, Sachsen (teilwe
 ise) und Thüringen (teilweise).
END:VEVENT
BEGIN:VEVENT
CREATED:20101205T145713Z
LAST-MODIFIED:20151112T005416Z
DTSTAMP:20151112T005416Z
UID:15dee583-d1e3-4bbc-aaeb-158934765508
SUMMARY:Volkstrauertag
STATUS:CONFIRMED
CATEGORIES:Feiertag
DTSTART;VALUE=DATE:20101114
DTEND;VALUE=DATE:20101115
DESCRIPTION:Kein gesetzlicher Feiertag
END:VEVENT
BEGIN:VEVENT
CREATED:20101205T151023Z
LAST-MODIFIED:20101205T151314Z
DTSTAMP:20101205T151314Z
UID:94a730e3-6512-41b0-8773-d51c32d4371a
SUMMARY:Rosenmontag
CATEGORIES:Feiertag
DTSTART;VALUE=DATE:20110307
DTEND;VALUE=DATE:20110308
DESCRIPTION:Rosenmontag\nKarneval
END:VEVENT
BEGIN:VEVENT
CREATED:20101205T151210Z
LAST-MODIFIED:20101205T151306Z
DTSTAMP:20101205T151306Z
UID:faf4de51-36b6-414f-9dc0-d69c8fe6ebd6
SUMMARY:Aschermittwoch
CATEGORIES:Feiertag
DTSTART;VALUE=DATE:20110309
DTEND;VALUE=DATE:20110310
DESCRIPTION:Christlicher Feiertag. Nicht arbeitsfrei.
END:VEVENT
BEGIN:VEVENT
CREATED:20101208T114519Z
LAST-MODIFIED:20101208T114606Z
DTSTAMP:20101208T114606Z
UID:3ea63d76-6356-46ee-99cc-cba15ae66407
SUMMARY:Ostermontag
CATEGORIES:Feiertag
DTSTART;VALUE=DATE:20110425
DTEND;VALUE=DATE:20110426
DESCRIPTION:Christlicher Feiertag
END:VEVENT
BEGIN:VEVENT
CREATED:20101208T114611Z
LAST-MODIFIED:20101208T114652Z
DTSTAMP:20101208T114652Z
UID:ccca9aca-2170-401c-ab6b-f2daa0e565f1
SUMMARY:Palmsonntag
CATEGORIES:Feiertag
DTSTART;VALUE=DATE:20110417
DTEND;VALUE=DATE:20110418
DESCRIPTION:Christlicher Feiertag
END:VEVENT
BEGIN:VEVENT
CREATED:20101208T114656Z
LAST-MODIFIED:20101208T114729Z
DTSTAMP:20101208T114729Z
UID:eae67c4f-341f-49cc-8ebc-9615dfaea764
SUMMARY:Karfreitag
CATEGORIES:Feiertag
DTSTART;VALUE=DATE:20110422
DTEND;VALUE=DATE:20110423
DESCRIPTION:Christlicher Feiertag
END:VEVENT
BEGIN:VEVENT
CREATED:20101208T114733Z
LAST-MODIFIED:20101208T114804Z
DTSTAMP:20101208T114804Z
UID:bdeed958-88f5-4400-8547-7b58b271e20a
SUMMARY:Ostern
CATEGORIES:Feiertag
DTSTART;VALUE=DATE:20110424
DTEND;VALUE=DATE:20110425
DESCRIPTION:Christlicher Feiertag
END:VEVENT
BEGIN:VEVENT
CREATED:20101208T114816Z
LAST-MODIFIED:20101208T114848Z
DTSTAMP:20101208T114848Z
UID:467d4efe-293b-4a01-9f0a-cb4d15bcf975
SUMMARY:Muttertag
CATEGORIES:Feiertag
DTSTART;VALUE=DATE:20110508
DTEND;VALUE=DATE:20110509
DESCRIPTION:Kein gesetzlicher Feiertag
END:VEVENT
BEGIN:VEVENT
CREATED:20101208T114852Z
LAST-MODIFIED:20101208T114930Z
DTSTAMP:20101208T114930Z
UID:e6ae9f64-0eb3-4d5e-9657-cb942159ae03
SUMMARY:Christi Himmelfahrt
CATEGORIES:Feiertag
DTSTART;VALUE=DATE:20110602
DTEND;VALUE=DATE:20110603
DESCRIPTION:Christlicher Feiertag
END:VEVENT
BEGIN:VEVENT
CREATED:20101208T114949Z
LAST-MODIFIED:20101208T115008Z
DTSTAMP:20101208T115008Z
UID:0d4297e0-f45f-4694-9368-fbeac842052a
SUMMARY:Pfingsten
CATEGORIES:Feiertag
DTSTART;VALUE=DATE:20110612
DTEND;VALUE=DATE:20110613
DESCRIPTION:Christlicher Feiertag
END:VEVENT
BEGIN:VEVENT
CREATED:20101208T115011Z
LAST-MODIFIED:20101208T115037Z
DTSTAMP:20101208T115037Z
UID:8f0b154f-9268-4c51-a30e-47cf6f8076f3
SUMMARY:Pfingstmontag
CATEGORIES:Feiertag
DTSTART;VALUE=DATE:20110613
DTEND;VALUE=DATE:20110614
DESCRIPTION:Christlicher Feiertag
END:VEVENT
BEGIN:VEVENT
CREATED:20101208T115043Z
LAST-MODIFIED:20101208T115119Z
DTSTAMP:20101208T115119Z
UID:b1fb550a-dfb2-4241-a92e-bd0fd06030fc
SUMMARY:Fronleichnam
CATEGORIES:Feiertag
DTSTART;VALUE=DATE:20110623
DTEND;VALUE=DATE:20110624
DESCRIPTION:Christlicher Feiertag. Nur in Baden-Württemberg\, Bayern\, He
 ssen\, Nordrhein-Westfalen\,\nRheinland-Pfalz\, Saarland\, Sachsen (teilwe
 ise) und Thüringen (teilweise).
END:VEVENT
BEGIN:VEVENT
CREATED:20101208T120756Z
LAST-MODIFIED:20101208T120819Z
DTSTAMP:20101208T120819Z
UID:5e88f764-0691-4815-a789-bc33e7632c5a
SUMMARY:Buß- und Bettag
CATEGORIES:Feiertag
DTSTART;VALUE=DATE:20111116
DTEND;VALUE=DATE:20111117
DESCRIPTION:Nur in Sachsen
END:VEVENT
BEGIN:VEVENT
CREATED:20101208T120826Z
LAST-MODIFIED:20101208T120853Z
DTSTAMP:20101208T120853Z
UID:8a584710-1741-4276-8601-1f9b5b9a1eda
SUMMARY:Volkstrauertag
CATEGORIES:Feiertag
DTSTART;VALUE=DATE:20111113
DTEND;VALUE=DATE:20111114
DESCRIPTION:Kein gesetzlicher Feiertag
END:VEVENT
BEGIN:VEVENT
CREATED:20101208T120857Z
LAST-MODIFIED:20101208T120923Z
DTSTAMP:20101208T120923Z
UID:8f51ff07-cc6d-4494-acff-662362af16da
SUMMARY:Totensonntag
CATEGORIES:Feiertag
DTSTART;VALUE=DATE:20111120
DTEND;VALUE=DATE:20111121
DESCRIPTION:Christlicher Feiertag
END:VEVENT
BEGIN:VEVENT
CREATED:20101208T120927Z
LAST-MODIFIED:20101208T121000Z
DTSTAMP:20101208T121000Z
UID:5926c63a-2fdd-4078-9921-b577cb1de5b4
SUMMARY:Erster Advent
CATEGORIES:Feiertag
DTSTART;VALUE=DATE:20111127
DTEND;VALUE=DATE:20111128
DESCRIPTION:Christlicher Feiertag
END:VEVENT
BEGIN:VEVENT
CREATED:20101208T122629Z
LAST-MODIFIED:20101208T122651Z
DTSTAMP:20101208T122651Z
UID:fa9a193c-6db7-42ed-a724-f9feb1060f55
SUMMARY:Zweiter Advent
CATEGORIES:Feiertag
DTSTART;VALUE=DATE:20111204
DTEND;VALUE=DATE:20111205
DESCRIPTION:Christlicher Feiertag
END:VEVENT
BEGIN:VEVENT
CREATED:20101208T122658Z
LAST-MODIFIED:20101208T122720Z
DTSTAMP:20101208T122720Z
UID:e2563df5-a82c-4c85-8954-4fb7f2f8e939
SUMMARY:Dritter Advent
CATEGORIES:Feiertag
DTSTART;VALUE=DATE:20111211
DTEND;VALUE=DATE:20111212
DESCRIPTION:Christlicher Feiertag
END:VEVENT
BEGIN:VEVENT
CREATED:20101208T122724Z
LAST-MODIFIED:20101208T122740Z
DTSTAMP:20101208T122740Z
UID:411572e6-2deb-40b2-941e-0f28e62a8d59
SUMMARY:Vierter Advent
CATEGORIES:Feiertag
DTSTART;VALUE=DATE:20111218
DTEND;VALUE=DATE:20111219
DESCRIPTION:Christlicher Feiertag
END:VEVENT
BEGIN:VEVENT
CREATED:20101208T122802Z
LAST-MODIFIED:20101208T122901Z
DTSTAMP:20101208T122901Z
UID:ce38c3a9-d83f-4ee2-b3c9-f1191b488afa
SUMMARY:Rosenmontag
CATEGORIES:Feiertag
DTSTART;VALUE=DATE:20120220
DTEND;VALUE=DATE:20120221
DESCRIPTION:Karneval
END:VEVENT
BEGIN:VEVENT
CREATED:20101208T122903Z
LAST-MODIFIED:20101208T122952Z
DTSTAMP:20101208T122952Z
UID:155ff9e5-2c01-48e5-8036-0ac757853c7f
SUMMARY:Aschermittwoch
CATEGORIES:Feiertag
DTSTART;VALUE=DATE:20120222
DTEND;VALUE=DATE:20120223
DESCRIPTION:Christlicher Feiertag. Nicht arbeitsfrei.
END:VEVENT
BEGIN:VEVENT
CREATED:20101209T145347Z
LAST-MODIFIED:20101209T145415Z
DTSTAMP:20101209T145415Z
UID:78ce046b-6078-4f03-8a8e-cd9376a9981b
SUMMARY:Palmsonntag
CATEGORIES:Feiertag
DTSTART;VALUE=DATE:20120401
DTEND;VALUE=DATE:20120402
DESCRIPTION:Christlicher Feiertag
END:VEVENT
BEGIN:VEVENT
CREATED:20101209T145420Z
LAST-MODIFIED:20101209T145437Z
DTSTAMP:20101209T145437Z
UID:7192a187-b0f2-4c88-80b4-4d751ce427bb
SUMMARY:Karfreitag
CATEGORIES:Feiertag
DTSTART;VALUE=DATE:20120406
DTEND;VALUE=DATE:20120407
DESCRIPTION:Christlicher Feiertag
END:VEVENT
BEGIN:VEVENT
CREATED:20101209T145441Z
LAST-MODIFIED:20101209T145456Z
DTSTAMP:20101209T145456Z
UID:6b81dcb2-35cb-44e7-acb2-85d9ab1e38d6
SUMMARY:Ostern
CATEGORIES:Feiertag
DTSTART;VALUE=DATE:20120408
DTEND;VALUE=DATE:20120409
DESCRIPTION:Christlicher Feiertag
END:VEVENT
BEGIN:VEVENT
CREATED:20101209T145458Z
LAST-MODIFIED:20101209T145517Z
DTSTAMP:20101209T145517Z
UID:f7ec9c03-1150-4267-bb8a-cf229502165f
SUMMARY:Ostermontag
CATEGORIES:Feiertag
DTSTART;VALUE=DATE:20120409
DTEND;VALUE=DATE:20120410
DESCRIPTION:Christlicher Feiertag
END:VEVENT
BEGIN:VEVENT
CREATED:20101209T145529Z
LAST-MODIFIED:20101209T145558Z
DTSTAMP:20101209T145558Z
UID:2d5afad2-df09-402c-8fae-c800a14b2802
SUMMARY:Muttertag
CATEGORIES:Feiertag
DTSTART;VALUE=DATE:20120513
DTEND;VALUE=DATE:20120514
DESCRIPTION:Kein gesetzlicher Feiertag
END:VEVENT
BEGIN:VEVENT
CREATED:20101209T145607Z
LAST-MODIFIED:20101209T145630Z
DTSTAMP:20101209T145630Z
UID:199b3e65-cae5-4dc0-bd85-3bacf51fe6b2
SUMMARY:Christi Himmelfahrt
CATEGORIES:Feiertag
DTSTART;VALUE=DATE:20120517
DTEND;VALUE=DATE:20120518
DESCRIPTION:Christlicher Feiertag
END:VEVENT
BEGIN:VEVENT
CREATED:20101209T145636Z
LAST-MODIFIED:20101209T145654Z
DTSTAMP:20101209T145654Z
UID:e564065e-aa6c-4af9-b198-72319d51381d
SUMMARY:Pfingsten
CATEGORIES:Feiertag
DTSTART;VALUE=DATE:20120527
DTEND;VALUE=DATE:20120528
DESCRIPTION:Christlicher Feiertag
END:VEVENT
BEGIN:VEVENT
CREATED:20101209T145658Z
LAST-MODIFIED:20101209T145712Z
DTSTAMP:20101209T145712Z
UID:3c18e1c8-79f6-4f6d-bf5d-4dc664e450ab
SUMMARY:Pfingstmontag
CATEGORIES:Feiertag
DTSTART;VALUE=DATE:20120528
DTEND;VALUE=DATE:20120529
DESCRIPTION:Christlicher Feiertag
END:VEVENT
BEGIN:VEVENT
CREATED:20101209T145718Z
LAST-MODIFIED:20101209T145751Z
DTSTAMP:20101209T145751Z
UID:70c4b344-c8db-414c-a3ed-69e9eab8f4d9
SUMMARY:Fronleichnam
CATEGORIES:Feiertag
DTSTART;VALUE=DATE:20120607
DTEND;VALUE=DATE:20120608
DESCRIPTION:Christlicher Feiertag. Nur in Baden-Württemberg\, Bayern\, He
 ssen\, Nordrhein-Westfalen\,\nRheinland-Pfalz\, Saarland\, Sachsen (teilwe
 ise) und Thüringen (teilweise).
END:VEVENT
BEGIN:VEVENT
CREATED:20101209T145856Z
LAST-MODIFIED:20101209T145923Z
DTSTAMP:20101209T145923Z
UID:286dd6f8-ff87-4ef9-b45b-5891c6540cdb
SUMMARY:Volkstrauertag
CATEGORIES:Feiertag
DTSTART;VALUE=DATE:20121118
DTEND;VALUE=DATE:20121119
DESCRIPTION:Kein gesetzlicher Feiertag
END:VEVENT
BEGIN:VEVENT
CREATED:20101209T145926Z
LAST-MODIFIED:20101209T150000Z
DTSTAMP:20101209T150000Z
UID:f5407bf1-67d5-45b8-bb4e-a3ed187600ed
SUMMARY:Buß- und Bettag
CATEGORIES:Feiertag
DTSTART;VALUE=DATE:20121121
DTEND;VALUE=DATE:20121122
DESCRIPTION:Nur in Sachsen
END:VEVENT
BEGIN:VEVENT
CREATED:20101209T150006Z
LAST-MODIFIED:20101209T150036Z
DTSTAMP:20101209T150036Z
UID:46f69da6-d054-4f5a-bd93-79078c6bac2f
SUMMARY:Totensonntag
CATEGORIES:Feiertag
DTSTART;VALUE=DATE:20121125
DTEND;VALUE=DATE:20121126
DESCRIPTION:Christlicher Feiertag
END:VEVENT
BEGIN:VEVENT
CREATED:20101214T114415Z
LAST-MODIFIED:20101214T114440Z
DTSTAMP:20101214T114440Z
UID:55dcea5c-f251-448b-9d10-c58396c2ef04
SUMMARY:Erster Advent
CATEGORIES:Feiertag
DTSTART;VALUE=DATE:20121202
DTEND;VALUE=DATE:20121203
DESCRIPTION:Christlicher Feiertag
END:VEVENT
BEGIN:VEVENT
CREATED:20101214T114449Z
LAST-MODIFIED:20101214T114504Z
DTSTAMP:20101214T114504Z
UID:2285edba-4934-4abe-803d-c8f087bd47be
SUMMARY:Zweiter Advent
CATEGORIES:Feiertag
DTSTART;VALUE=DATE:20121209
DTEND;VALUE=DATE:20121210
DESCRIPTION:Christlicher Feiertag
END:VEVENT
BEGIN:VEVENT
CREATED:20101214T114507Z
LAST-MODIFIED:20101214T114523Z
DTSTAMP:20101214T114523Z
UID:2532de86-d8b1-4bb2-b2f0-bd117b446578
SUMMARY:Dritter Advent
CATEGORIES:Feiertag
DTSTART;VALUE=DATE:20121216
DTEND;VALUE=DATE:20121217
DESCRIPTION:Christlicher Feiertag
END:VEVENT
BEGIN:VEVENT
CREATED:20101214T114525Z
LAST-MODIFIED:20101214T114544Z
DTSTAMP:20101214T114544Z
UID:cd3672ac-db86-4e33-b476-39c69fe6b937
SUMMARY:Vierter Advent
CATEGORIES:Feiertag
DTSTART;VALUE=DATE:20121223
DTEND;VALUE=DATE:20121224
DESCRIPTION:Christlicher Feiertag
END:VEVENT
BEGIN:VEVENT
CREATED:20101214T114602Z
LAST-MODIFIED:20101214T114626Z
DTSTAMP:20101214T114626Z
UID:b1e3b5d3-ffa6-4dad-a662-720760b336f3
SUMMARY:Rosenmontag
CATEGORIES:Feiertag
DTSTART;VALUE=DATE:20130211
DTEND;VALUE=DATE:20130212
DESCRIPTION:Karneval
END:VEVENT
BEGIN:VEVENT
CREATED:20101214T114629Z
LAST-MODIFIED:20101214T114713Z
DTSTAMP:20101214T114713Z
UID:8ce10dfa-5edc-4285-8044-ecea0d5a8cc2
SUMMARY:Aschermittwoch
CATEGORIES:Feiertag
DTSTART;VALUE=DATE:20130213
DTEND;VALUE=DATE:20130214
DESCRIPTION:Christlicher Feiertag. Nicht arbeitsfrei.
END:VEVENT
BEGIN:VEVENT
CREATED:20101214T114721Z
LAST-MODIFIED:20101214T114742Z
DTSTAMP:20101214T114742Z
UID:ab93ddc2-f1be-4f73-b57a-4baa00f97fa2
SUMMARY:Palmsonntag
CATEGORIES:Feiertag
DTSTART;VALUE=DATE:20130324
DTEND;VALUE=DATE:20130325
DESCRIPTION:Christlicher Feiertag
END:VEVENT
BEGIN:VEVENT
CREATED:20101214T114744Z
LAST-MODIFIED:20101214T114757Z
DTSTAMP:20101214T114757Z
UID:51296a45-1bc2-47db-b2d2-56a0b1e1c33b
SUMMARY:Karfreitag
CATEGORIES:Feiertag
DTSTART;VALUE=DATE:20130329
DTEND;VALUE=DATE:20130330
DESCRIPTION:Christlicher Feiertag
END:VEVENT
BEGIN:VEVENT
CREATED:20101214T114759Z
LAST-MODIFIED:20101214T114813Z
DTSTAMP:20101214T114813Z
UID:c1d947b4-1351-40f3-b8e0-24cd4d35bad4
SUMMARY:Ostern
CATEGORIES:Feiertag
DTSTART;VALUE=DATE:20130331
DTEND;VALUE=DATE:20130401
DESCRIPTION:Christlicher Feiertag
END:VEVENT
BEGIN:VEVENT
CREATED:20101214T114821Z
LAST-MODIFIED:20101214T114835Z
DTSTAMP:20101214T114835Z
UID:94a2c8b8-9d04-412e-be05-f2d30d483ce3
SUMMARY:Ostermontag
CATEGORIES:Feiertag
DTSTART;VALUE=DATE:20130401
DTEND;VALUE=DATE:20130402
DESCRIPTION:Christlicher Feiertag
END:VEVENT
BEGIN:VEVENT
CREATED:20101214T114908Z
LAST-MODIFIED:20101214T114927Z
DTSTAMP:20101214T114927Z
UID:ae5dd4ab-9d1b-4708-9e95-e2531a7ae251
SUMMARY:Christi Himmelfahrt
CATEGORIES:Feiertag
DTSTART;VALUE=DATE:20130509
DTEND;VALUE=DATE:20130510
DESCRIPTION:Christlicher Feiertag
END:VEVENT
BEGIN:VEVENT
CREATED:20101214T114931Z
LAST-MODIFIED:20101214T114955Z
DTSTAMP:20101214T114955Z
UID:228a8aee-0db2-42f8-9480-46f6671a3296
SUMMARY:Muttertag
CATEGORIES:Feiertag
DTSTART;VALUE=DATE:20130512
DTEND;VALUE=DATE:20130513
DESCRIPTION:Kein gesetzlicher Feiertag
END:VEVENT
BEGIN:VEVENT
CREATED:20101214T115010Z
LAST-MODIFIED:20101214T115024Z
DTSTAMP:20101214T115024Z
UID:f38bd233-2ab3-4754-a420-76d182aae225
SUMMARY:Pfingsten
CATEGORIES:Feiertag
DTSTART;VALUE=DATE:20130519
DTEND;VALUE=DATE:20130520
DESCRIPTION:Christlicher Feiertag
END:VEVENT
BEGIN:VEVENT
CREATED:20101214T115026Z
LAST-MODIFIED:20101214T115041Z
DTSTAMP:20101214T115041Z
UID:34e445d3-3d39-421e-b75d-60d5b4592f85
SUMMARY:Pfingstmontag
CATEGORIES:Feiertag
DTSTART;VALUE=DATE:20130520
DTEND;VALUE=DATE:20130521
DESCRIPTION:Christlicher Feiertag
END:VEVENT
BEGIN:VEVENT
CREATED:20101214T115043Z
LAST-MODIFIED:20101214T115116Z
DTSTAMP:20101214T115116Z
UID:c4de04ea-c7f1-423a-97ea-af7931427d42
SUMMARY:Fronleichnam
CATEGORIES:Feiertag
DTSTART;VALUE=DATE:20130530
DTEND;VALUE=DATE:20130531
DESCRIPTION:Christlicher Feiertag. Nur in Baden-Württemberg\, Bayern\, He
 ssen\, Nordrhein-Westfalen\,\nRheinland-Pfalz\, Saarland\, Sachsen (teilwe
 ise) und Thüringen (teilweise).\n
END:VEVENT
BEGIN:VEVENT
CREATED:20101214T115203Z
LAST-MODIFIED:20101214T115226Z
DTSTAMP:20101214T115226Z
UID:e8782116-a554-4107-a44c-d150a9f8bf38
SUMMARY:Volkstrauertag
CATEGORIES:Feiertag
DTSTART;VALUE=DATE:20131117
DTEND;VALUE=DATE:20131118
DESCRIPTION:Kein gesetzlicher Feiertag
END:VEVENT
BEGIN:VEVENT
CREATED:20101214T115243Z
LAST-MODIFIED:20101214T115301Z
DTSTAMP:20101214T115301Z
UID:01f6c271-a2bb-4431-8f22-9e5139a109e8
SUMMARY:Buß- und Bettag
CATEGORIES:Feiertag
DTSTART;VALUE=DATE:20131120
DTEND;VALUE=DATE:20131121
DESCRIPTION:Nur in Sachsen
END:VEVENT
BEGIN:VEVENT
CREATED:20101214T115314Z
LAST-MODIFIED:20101214T115328Z
DTSTAMP:20101214T115328Z
UID:9e4fe7c3-447f-42e9-a78c-f9e4d2e7157a
SUMMARY:Totensonntag
CATEGORIES:Feiertag
DTSTART;VALUE=DATE:20131124
DTEND;VALUE=DATE:20131125
DESCRIPTION:Christlicher Feiertag
END:VEVENT
BEGIN:VEVENT
CREATED:20101214T115330Z
LAST-MODIFIED:20101214T115344Z
DTSTAMP:20101214T115344Z
UID:59ad8edd-782a-4a74-9442-2cc6fe296f95
SUMMARY:Erster Advent
CATEGORIES:Feiertag
DTSTART;VALUE=DATE:20131201
DTEND;VALUE=DATE:20131202
DESCRIPTION:Christlicher Feiertag
END:VEVENT
BEGIN:VEVENT
CREATED:20101214T115350Z
LAST-MODIFIED:20101214T125525Z
DTSTAMP:20101214T125525Z
UID:e52ef2cc-a60d-4404-b73d-9f789ffc09ca
SUMMARY:Zweiter Advent
CATEGORIES:Feiertag
DTSTART;VALUE=DATE:20131208
DTEND;VALUE=DATE:20131209
DESCRIPTION:Christlicher Feiertag
END:VEVENT
BEGIN:VEVENT
CREATED:20101214T115404Z
LAST-MODIFIED:20101214T115419Z
DTSTAMP:20101214T115419Z
UID:a992a714-b339-4bb1-9bf6-c542d60c928b
SUMMARY:Dritter Advent
CATEGORIES:Feiertag
DTSTART;VALUE=DATE:20131215
DTEND;VALUE=DATE:20131216
DESCRIPTION:Christlicher Feiertag
END:VEVENT
BEGIN:VEVENT
CREATED:20101214T115421Z
LAST-MODIFIED:20101214T115434Z
DTSTAMP:20101214T115434Z
UID:33bd92bd-1e53-475c-a59e-1fc758b88a3a
SUMMARY:Vierter Advent
CATEGORIES:Feiertag
DTSTART;VALUE=DATE:20131222
DTEND;VALUE=DATE:20131223
DESCRIPTION:Christlicher Feiertag
END:VEVENT
BEGIN:VEVENT
CREATED:20101214T123319Z
LAST-MODIFIED:20101214T123343Z
DTSTAMP:20101214T123343Z
UID:566584b7-85a3-4dc6-ba10-c093b77ac6f0
SUMMARY:Rosenmontag
CATEGORIES:Feiertag
DTSTART;VALUE=DATE:20140303
DTEND;VALUE=DATE:20140304
DESCRIPTION:Karneval
END:VEVENT
BEGIN:VEVENT
CREATED:20101214T123346Z
LAST-MODIFIED:20101214T123409Z
DTSTAMP:20101214T123409Z
UID:f4896b7b-65b3-4aed-bda7-08c3cbbc1c07
SUMMARY:Aschermittwoch
CATEGORIES:Feiertag
DTSTART;VALUE=DATE:20140305
DTEND;VALUE=DATE:20140306
DESCRIPTION:Christlicher Feiertag. Nicht arbeitsfrei.
END:VEVENT
BEGIN:VEVENT
CREATED:20101214T123422Z
LAST-MODIFIED:20101214T123445Z
DTSTAMP:20101214T123445Z
UID:e7f2816c-28e0-4b2b-9fb1-54f07422c445
SUMMARY:Palmsonntag
CATEGORIES:Feiertag
DTSTART;VALUE=DATE:20140413
DTEND;VALUE=DATE:20140414
DESCRIPTION:Christlicher Feiertag
END:VEVENT
BEGIN:VEVENT
CREATED:20101214T123448Z
LAST-MODIFIED:20101214T123501Z
DTSTAMP:20101214T123501Z
UID:14bd91b2-157c-485a-bd7e-17886f74af41
SUMMARY:Karfreitag
CATEGORIES:Feiertag
DTSTART;VALUE=DATE:20140418
DTEND;VALUE=DATE:20140419
DESCRIPTION:Christlicher Feiertag
END:VEVENT
BEGIN:VEVENT
CREATED:20101214T123513Z
LAST-MODIFIED:20101214T123527Z
DTSTAMP:20101214T123527Z
UID:05e7d179-be95-457b-9bb7-558833bb8213
SUMMARY:Ostern
CATEGORIES:Feiertag
DTSTART;VALUE=DATE:20140420
DTEND;VALUE=DATE:20140421
DESCRIPTION:Christlicher Feiertag
END:VEVENT
BEGIN:VEVENT
CREATED:20101214T123529Z
LAST-MODIFIED:20101214T123541Z
DTSTAMP:20101214T123541Z
UID:e7baf5f9-4b04-41e2-a2ad-1bb78d6da734
SUMMARY:Ostermontag
CATEGORIES:Feiertag
DTSTART;VALUE=DATE:20140421
DTEND;VALUE=DATE:20140422
DESCRIPTION:Christlicher Feiertag
END:VEVENT
BEGIN:VEVENT
CREATED:20101214T123635Z
LAST-MODIFIED:20101214T123655Z
DTSTAMP:20101214T123655Z
UID:517f47d2-706c-4373-ac0a-30b8721a6d96
SUMMARY:Muttertag
CATEGORIES:Feiertag
DTSTART;VALUE=DATE:20140511
DTEND;VALUE=DATE:20140512
DESCRIPTION:Kein gesetzlicher Feiertag
END:VEVENT
BEGIN:VEVENT
CREATED:20101214T123707Z
LAST-MODIFIED:20101214T123731Z
DTSTAMP:20101214T123731Z
UID:87547d9e-667e-4462-8589-abb73f82db12
SUMMARY:Christi Himmelfahrt
CATEGORIES:Feiertag
DTSTART;VALUE=DATE:20140529
DTEND;VALUE=DATE:20140530
DESCRIPTION:Christlicher Feiertag
END:VEVENT
BEGIN:VEVENT
CREATED:20101214T123754Z
LAST-MODIFIED:20101214T123808Z
DTSTAMP:20101214T123808Z
UID:903646bc-c595-4528-a2a5-69bf8282889f
SUMMARY:Pfingsten
CATEGORIES:Feiertag
DTSTART;VALUE=DATE:20140608
DTEND;VALUE=DATE:20140609
DESCRIPTION:Christlicher Feiertag
END:VEVENT
BEGIN:VEVENT
CREATED:20101214T123810Z
LAST-MODIFIED:20101214T123823Z
DTSTAMP:20101214T123823Z
UID:d6089f35-d103-4328-812c-bc4b7c687b74
SUMMARY:Pfingstmontag
CATEGORIES:Feiertag
DTSTART;VALUE=DATE:20140609
DTEND;VALUE=DATE:20140610
DESCRIPTION:Christlicher Feiertag
END:VEVENT
BEGIN:VEVENT
CREATED:20101214T123838Z
LAST-MODIFIED:20101214T123900Z
DTSTAMP:20101214T123900Z
UID:0f5c466e-9cd0-4df5-887f-5bff1b3ce58a
SUMMARY:Fronleichnam
CATEGORIES:Feiertag
DTSTART;VALUE=DATE:20140619
DTEND;VALUE=DATE:20140620
DESCRIPTION:Christlicher Feiertag. Nur in Baden-Württemberg\, Bayern\, He
 ssen\, Nordrhein-Westfalen\,\nRheinland-Pfalz\, Saarland\, Sachsen (teilwe
 ise) und Thüringen (teilweise).
END:VEVENT
BEGIN:VEVENT
CREATED:20101214T123936Z
LAST-MODIFIED:20101214T123955Z
DTSTAMP:20101214T123955Z
UID:7b5084e3-15a5-4cbc-89b5-3e0b7ec8ec10
SUMMARY:Buß- und Bettag
CATEGORIES:Feiertag
DTSTART;VALUE=DATE:20141119
DTEND;VALUE=DATE:20141120
DESCRIPTION:Nur in Sachsen
END:VEVENT
BEGIN:VEVENT
CREATED:20101214T124009Z
LAST-MODIFIED:20101214T124027Z
DTSTAMP:20101214T124027Z
UID:7fc525da-9482-4022-b395-0adcb3b67bde
SUMMARY:Volkstrauertag
CATEGORIES:Feiertag
DTSTART;VALUE=DATE:20141116
DTEND;VALUE=DATE:20141117
DESCRIPTION:Kein gesetzlicher Feiertag
END:VEVENT
BEGIN:VEVENT
CREATED:20101214T124044Z
LAST-MODIFIED:20101214T124105Z
DTSTAMP:20101214T124105Z
UID:387acb56-b3a4-410b-9d16-2b964919ff17
SUMMARY:Totensonntag
CATEGORIES:Feiertag
DTSTART;VALUE=DATE:20141123
DTEND;VALUE=DATE:20141124
DESCRIPTION:Christlicher Feiertag
END:VEVENT
BEGIN:VEVENT
CREATED:20101214T124109Z
LAST-MODIFIED:20101214T124121Z
DTSTAMP:20101214T124121Z
UID:977cc2fd-f635-4570-93d9-ebdc0e7eba1d
SUMMARY:Erster Advent
CATEGORIES:Feiertag
DTSTART;VALUE=DATE:20141130
DTEND;VALUE=DATE:20141201
DESCRIPTION:Christlicher Feiertag
END:VEVENT
BEGIN:VEVENT
CREATED:20101214T124133Z
LAST-MODIFIED:20101214T124147Z
DTSTAMP:20101214T124147Z
UID:8c5c9ad5-1165-4cd3-89a9-627466adc2db
SUMMARY:Zweiter Advent
CATEGORIES:Feiertag
DTSTART;VALUE=DATE:20141207
DTEND;VALUE=DATE:20141208
DESCRIPTION:Christlicher Feiertag
END:VEVENT
BEGIN:VEVENT
CREATED:20101214T124148Z
LAST-MODIFIED:20101214T124201Z
DTSTAMP:20101214T124201Z
UID:29dfcdb3-84cd-4e69-8d90-025e7cf9a523
SUMMARY:Dritter Advent
CATEGORIES:Feiertag
DTSTART;VALUE=DATE:20141214
DTEND;VALUE=DATE:20141215
DESCRIPTION:Christlicher Feiertag
END:VEVENT
BEGIN:VEVENT
CREATED:20101214T124202Z
LAST-MODIFIED:20101214T124213Z
DTSTAMP:20101214T124213Z
UID:c13b3803-ff14-4e05-97b7-b5d174c809dc
SUMMARY:Vierter Advent
CATEGORIES:Feiertag
DTSTART;VALUE=DATE:20141221
DTEND;VALUE=DATE:20141222
DESCRIPTION:Christlicher Feiertag
END:VEVENT
BEGIN:VEVENT
CREATED:20101214T124242Z
LAST-MODIFIED:20101214T124300Z
DTSTAMP:20101214T124300Z
UID:504b47ed-51dd-40cb-8e86-c3d1c8da5fb3
SUMMARY:Rosenmontag
CATEGORIES:Feiertag
DTSTART;VALUE=DATE:20150216
DTEND;VALUE=DATE:20150217
DESCRIPTION:Karneval
END:VEVENT
BEGIN:VEVENT
CREATED:20101214T124308Z
LAST-MODIFIED:20101214T124321Z
DTSTAMP:20101214T124321Z
UID:b7f15513-03da-4c83-9600-6a6e30c3f921
SUMMARY:Aschermittwoch
CATEGORIES:Feiertag
DTSTART;VALUE=DATE:20150218
DTEND;VALUE=DATE:20150219
DESCRIPTION:Christlicher Feiertag. Nicht arbeitsfrei.
END:VEVENT
BEGIN:VEVENT
CREATED:20101214T124340Z
LAST-MODIFIED:20101214T124403Z
DTSTAMP:20101214T124403Z
UID:0a43df68-772c-48e1-8c54-2821bf1a2584
SUMMARY:Palmsonntag
CATEGORIES:Feiertag
DTSTART;VALUE=DATE:20150329
DTEND;VALUE=DATE:20150330
DESCRIPTION:Christlicher Feiertag
END:VEVENT
BEGIN:VEVENT
CREATED:20101214T124413Z
LAST-MODIFIED:20101214T124426Z
DTSTAMP:20101214T124426Z
UID:71eb7825-0e36-4af8-81d1-dd20e488b1a8
SUMMARY:Karfreitag
CATEGORIES:Feiertag
DTSTART;VALUE=DATE:20150403
DTEND;VALUE=DATE:20150404
DESCRIPTION:Christlicher Feiertag
END:VEVENT
BEGIN:VEVENT
CREATED:20101214T124429Z
LAST-MODIFIED:20101214T124438Z
DTSTAMP:20101214T124438Z
UID:b0b3f77b-b259-4849-8a04-336f42a8091b
SUMMARY:Ostern
CATEGORIES:Feiertag
DTSTART;VALUE=DATE:20150405
DTEND;VALUE=DATE:20150406
DESCRIPTION:Christlicher Feiertag
END:VEVENT
BEGIN:VEVENT
CREATED:20101214T124523Z
LAST-MODIFIED:20101214T124536Z
DTSTAMP:20101214T124536Z
UID:cd55f40f-e35e-41c4-826e-c08b0d75b6a1
SUMMARY:Ostermontag
CATEGORIES:Feiertag
DTSTART;VALUE=DATE:20150406
DTEND;VALUE=DATE:20150407
DESCRIPTION:Christlicher Feiertag
END:VEVENT
BEGIN:VEVENT
CREATED:20101214T124550Z
LAST-MODIFIED:20101214T124610Z
DTSTAMP:20101214T124610Z
UID:0c3b66c5-f439-4e2f-bfe9-3b943dc5b2ff
SUMMARY:Muttertag
CATEGORIES:Feiertag
DTSTART;VALUE=DATE:20150510
DTEND;VALUE=DATE:20150511
DESCRIPTION:Kein gesetzlicher Feiertag
END:VEVENT
BEGIN:VEVENT
CREATED:20101214T124623Z
LAST-MODIFIED:20101214T124642Z
DTSTAMP:20101214T124642Z
UID:669904c0-9576-44b2-aa63-53f26ae44100
SUMMARY:Christi Himmelfahrt
CATEGORIES:Feiertag
DTSTART;VALUE=DATE:20150514
DTEND;VALUE=DATE:20150515
DESCRIPTION:Christlicher Feiertag
END:VEVENT
BEGIN:VEVENT
CREATED:20101214T124649Z
LAST-MODIFIED:20101214T124709Z
DTSTAMP:20101214T124709Z
UID:aaf9d355-589a-4575-bfaf-741ea6a05702
SUMMARY:Pfingsten
CATEGORIES:Feiertag
DTSTART;VALUE=DATE:20150524
DTEND;VALUE=DATE:20150525
DESCRIPTION:Christlicher Feiertag
END:VEVENT
BEGIN:VEVENT
CREATED:20101214T124711Z
LAST-MODIFIED:20101214T124726Z
DTSTAMP:20101214T124726Z
UID:94f53fb4-a700-4128-a2d3-a681befa4be3
SUMMARY:Pfingstmontag
CATEGORIES:Feiertag
DTSTART;VALUE=DATE:20150525
DTEND;VALUE=DATE:20150526
DESCRIPTION:Christlicher Feiertag
END:VEVENT
BEGIN:VEVENT
CREATED:20101214T124738Z
LAST-MODIFIED:20101214T124759Z
DTSTAMP:20101214T124759Z
UID:2b3ec09f-a207-4356-b739-b997bc40a938
SUMMARY:Fronleichnam
CATEGORIES:Feiertag
DTSTART;VALUE=DATE:20150604
DTEND;VALUE=DATE:20150605
DESCRIPTION:Christlicher Feiertag. Nur in Baden-Württemberg\, Bayern\, He
 ssen\, Nordrhein-Westfalen\,\nRheinland-Pfalz\, Saarland\, Sachsen (teilwe
 ise) und Thüringen (teilweise).
END:VEVENT
BEGIN:VEVENT
CREATED:20101214T124820Z
LAST-MODIFIED:20101214T124834Z
DTSTAMP:20101214T124834Z
UID:f96cc9da-50e8-48d9-83df-388d5fc5ae20
SUMMARY:Buß- und Bettag
CATEGORIES:Feiertag
DTSTART;VALUE=DATE:20151118
DTEND;VALUE=DATE:20151119
DESCRIPTION:Nur in Sachsen
END:VEVENT
BEGIN:VEVENT
CREATED:20101214T124841Z
LAST-MODIFIED:20101214T124900Z
DTSTAMP:20101214T124900Z
UID:f49a6a2d-f5a2-4bfe-bc1f-479b2dbd687a
SUMMARY:Volkstrauertag
CATEGORIES:Feiertag
DTSTART;VALUE=DATE:20151115
DTEND;VALUE=DATE:20151116
DESCRIPTION:Kein gesetzlicher Feiertag
END:VEVENT
BEGIN:VEVENT
CREATED:20101214T124911Z
LAST-MODIFIED:20101214T124936Z
DTSTAMP:20101214T124936Z
UID:d0da5e2a-dbc3-4bee-8465-aa0935989a85
SUMMARY:Totensonntag
CATEGORIES:Feiertag
DTSTART;VALUE=DATE:20151122
DTEND;VALUE=DATE:20151123
DESCRIPTION:Christlicher Feiertag
END:VEVENT
BEGIN:VEVENT
CREATED:20101214T124941Z
LAST-MODIFIED:20101214T124953Z
DTSTAMP:20101214T124953Z
UID:82dc91b7-b1a6-47fa-aceb-1c3183502603
SUMMARY:Erster Advent
CATEGORIES:Feiertag
DTSTART;VALUE=DATE:20151129
DTEND;VALUE=DATE:20151130
DESCRIPTION:Christlicher Feiertag
END:VEVENT
BEGIN:VEVENT
CREATED:20101214T124957Z
LAST-MODIFIED:20101214T125009Z
DTSTAMP:20101214T125009Z
UID:c535e762-b8a1-4414-a623-6e833e1dacd0
SUMMARY:Zweiter Advent
CATEGORIES:Feiertag
DTSTART;VALUE=DATE:20151206
DTEND;VALUE=DATE:20151207
DESCRIPTION:Christlicher Feiertag
END:VEVENT
BEGIN:VEVENT
CREATED:20101214T125014Z
LAST-MODIFIED:20101214T125027Z
DTSTAMP:20101214T125027Z
UID:50af7ba7-e511-4430-a290-a3c283969bcf
SUMMARY:Dritter Advent
CATEGORIES:Feiertag
DTSTART;VALUE=DATE:20151213
DTEND;VALUE=DATE:20151214
DESCRIPTION:Christlicher Feiertag
END:VEVENT
BEGIN:VEVENT
CREATED:20101214T124242Z
LAST-MODIFIED:20151112T003052Z
DTSTAMP:20151112T003052Z
UID:f5e3bae0-0448-40d0-8b84-57bb423f8916
SUMMARY:Rosenmontag
STATUS:CONFIRMED
CATEGORIES:Feiertag
DTSTART;VALUE=DATE:20160208
DTEND;VALUE=DATE:20160209
DESCRIPTION:Karneval
END:VEVENT
BEGIN:VEVENT
CREATED:20101214T124308Z
LAST-MODIFIED:20151112T003104Z
DTSTAMP:20151112T003104Z
UID:92c65cb8-5872-4ccc-97b9-ab8acd2620bb
SUMMARY:Aschermittwoch
STATUS:CONFIRMED
CATEGORIES:Feiertag
DTSTART;VALUE=DATE:20160210
DTEND;VALUE=DATE:20160211
DESCRIPTION:Christlicher Feiertag. Nicht arbeitsfrei.
END:VEVENT
BEGIN:VEVENT
CREATED:20101214T124340Z
LAST-MODIFIED:20151112T003111Z
DTSTAMP:20151112T003111Z
UID:34b734a0-671b-44df-b384-054b02d6ee48
SUMMARY:Palmsonntag
STATUS:CONFIRMED
CATEGORIES:Feiertag
DTSTART;VALUE=DATE:20160320
DTEND;VALUE=DATE:20160321
DESCRIPTION:Christlicher Feiertag
END:VEVENT
BEGIN:VEVENT
CREATED:20101214T124413Z
LAST-MODIFIED:20151112T003114Z
DTSTAMP:20151112T003114Z
UID:47b08507-fde1-4bfa-8a10-f803e415945e
SUMMARY:Karfreitag
STATUS:CONFIRMED
CATEGORIES:Feiertag
DTSTART;VALUE=DATE:20160325
DTEND;VALUE=DATE:20160326
DESCRIPTION:Christlicher Feiertag
END:VEVENT
BEGIN:VEVENT
CREATED:20101214T124429Z
LAST-MODIFIED:20151112T003116Z
DTSTAMP:20151112T003116Z
UID:ba0bf7e6-c0d3-4564-9fb3-4a08a85e9bb0
SUMMARY:Ostern
STATUS:CONFIRMED
CATEGORIES:Feiertag
DTSTART;VALUE=DATE:20160327
DTEND;VALUE=DATE:20160328
DESCRIPTION:Christlicher Feiertag
END:VEVENT
BEGIN:VEVENT
CREATED:20101214T124523Z
LAST-MODIFIED:20151112T003119Z
DTSTAMP:20151112T003119Z
UID:11871429-9f42-45b7-9bad-70fcdec9dc91
SUMMARY:Ostermontag
STATUS:CONFIRMED
CATEGORIES:Feiertag
DTSTART;VALUE=DATE:20160328
DTEND;VALUE=DATE:20160329
DESCRIPTION:Christlicher Feiertag
END:VEVENT
BEGIN:VEVENT
CREATED:20101214T124623Z
LAST-MODIFIED:20151112T003127Z
DTSTAMP:20151112T003127Z
UID:2fc74350-68d7-4048-9557-ceca74030799
SUMMARY:Christi Himmelfahrt
STATUS:CONFIRMED
CATEGORIES:Feiertag
DTSTART;VALUE=DATE:20160505
DTEND;VALUE=DATE:20160506
DESCRIPTION:Christlicher Feiertag
END:VEVENT
BEGIN:VEVENT
CREATED:20101214T124550Z
LAST-MODIFIED:20151112T003130Z
DTSTAMP:20151112T003130Z
UID:ec0e785d-8c75-41f2-b228-b1f760bc4a9e
SUMMARY:Muttertag
STATUS:CONFIRMED
CATEGORIES:Feiertag
DTSTART;VALUE=DATE:20160508
DTEND;VALUE=DATE:20160509
DESCRIPTION:Kein gesetzlicher Feiertag
END:VEVENT
BEGIN:VEVENT
CREATED:20101214T124649Z
LAST-MODIFIED:20151112T003132Z
DTSTAMP:20151112T003132Z
UID:c2f54af3-ae29-4e92-af8a-a298d3617df0
SUMMARY:Pfingsten
STATUS:CONFIRMED
CATEGORIES:Feiertag
DTSTART;VALUE=DATE:20160515
DTEND;VALUE=DATE:20160516
DESCRIPTION:Christlicher Feiertag
END:VEVENT
BEGIN:VEVENT
CREATED:20101214T124711Z
LAST-MODIFIED:20151112T003135Z
DTSTAMP:20151112T003135Z
UID:64ae09d4-fac5-404c-9226-a2dcf2183e6b
SUMMARY:Pfingstmontag
STATUS:CONFIRMED
CATEGORIES:Feiertag
DTSTART;VALUE=DATE:20160516
DTEND;VALUE=DATE:20160517
DESCRIPTION:Christlicher Feiertag
END:VEVENT
BEGIN:VEVENT
CREATED:20101214T124738Z
LAST-MODIFIED:20151112T003137Z
DTSTAMP:20151112T003137Z
UID:70535e8b-274e-4b4e-bae1-3e4726d4407a
SUMMARY:Fronleichnam
STATUS:CONFIRMED
CATEGORIES:Feiertag
DTSTART;VALUE=DATE:20160526
DTEND;VALUE=DATE:20160527
DESCRIPTION:Christlicher Feiertag. Nur in Baden-Württemberg\, Bayern\, He
 ssen\, Nordrhein-Westfalen\,\nRheinland-Pfalz\, Saarland\, Sachsen (teilwe
 ise) und Thüringen (teilweise).
END:VEVENT
BEGIN:VEVENT
CREATED:20101214T124841Z
LAST-MODIFIED:20151112T003152Z
DTSTAMP:20151112T003152Z
UID:62e70aff-c0dd-4e17-92b5-7cd365def8a5
SUMMARY:Volkstrauertag
STATUS:CONFIRMED
CATEGORIES:Feiertag
DTSTART;VALUE=DATE:20161113
DTEND;VALUE=DATE:20161114
DESCRIPTION:Kein gesetzlicher Feiertag
END:VEVENT
BEGIN:VEVENT
CREATED:20101214T124820Z
LAST-MODIFIED:20151112T003155Z
DTSTAMP:20151112T003155Z
UID:0d023644-a0d2-4eb9-882f-29f7f902b43c
SUMMARY:Buß- und Bettag
STATUS:CONFIRMED
CATEGORIES:Feiertag
DTSTART;VALUE=DATE:20161116
DTEND;VALUE=DATE:20161117
DESCRIPTION:Nur in Sachsen
END:VEVENT
BEGIN:VEVENT
CREATED:20101214T124911Z
LAST-MODIFIED:20151112T003158Z
DTSTAMP:20151112T003158Z
UID:496c7cc4-8856-4262-b751-a7dab90df100
SUMMARY:Totensonntag
STATUS:CONFIRMED
CATEGORIES:Feiertag
DTSTART;VALUE=DATE:20161120
DTEND;VALUE=DATE:20161121
DESCRIPTION:Christlicher Feiertag
END:VEVENT
BEGIN:VEVENT
CREATED:20101214T124941Z
LAST-MODIFIED:20151112T003200Z
DTSTAMP:20151112T003200Z
UID:e1a4cefb-be10-451e-9a4b-e00e742c7d98
SUMMARY:Erster Advent
STATUS:CONFIRMED
CATEGORIES:Feiertag
DTSTART;VALUE=DATE:20161127
DTEND;VALUE=DATE:20161128
DESCRIPTION:Christlicher Feiertag
END:VEVENT
BEGIN:VEVENT
CREATED:20101214T124957Z
LAST-MODIFIED:20151112T003202Z
DTSTAMP:20151112T003202Z
UID:f81b1dbe-4fa9-4288-b424-504a517ad5d5
SUMMARY:Zweiter Advent
STATUS:CONFIRMED
CATEGORIES:Feiertag
DTSTART;VALUE=DATE:20161204
DTEND;VALUE=DATE:20161205
DESCRIPTION:Christlicher Feiertag
END:VEVENT
BEGIN:VEVENT
CREATED:20101214T125014Z
LAST-MODIFIED:20151112T003209Z
DTSTAMP:20151112T003209Z
UID:ffb9cefc-2aa1-4cb5-a178-4bfe2491d1b7
SUMMARY:Dritter Advent
STATUS:CONFIRMED
CATEGORIES:Feiertag
DTSTART;VALUE=DATE:20161211
DTEND;VALUE=DATE:20161212
DESCRIPTION:Christlicher Feiertag
END:VEVENT
BEGIN:VEVENT
CREATED:20101214T124202Z
LAST-MODIFIED:20151112T003211Z
DTSTAMP:20151112T003211Z
UID:bc46fef8-400f-4314-9b9d-1c8bbeaab62e
SUMMARY:Vierter Advent
STATUS:CONFIRMED
CATEGORIES:Feiertag
DTSTART;VALUE=DATE:20161218
DTEND;VALUE=DATE:20161219
DESCRIPTION:Christlicher Feiertag
END:VEVENT
BEGIN:VEVENT
CREATED:20061023T132504Z
LAST-MODIFIED:20151112T003220Z
DTSTAMP:20151112T003220Z
UID:ad1b7c8d-290d-4614-b397-73293736278a
SUMMARY:Rosenmontag
STATUS:CONFIRMED
CATEGORIES:Feiertag
DTSTART;VALUE=DATE:20170227
DTEND;VALUE=DATE:20170228
DESCRIPTION:Karneval
END:VEVENT
BEGIN:VEVENT
CREATED:20061023T132504Z
LAST-MODIFIED:20151112T003222Z
DTSTAMP:20151112T003222Z
UID:fe97b68e-0a00-40b2-94db-c9dd0544d4ba
SUMMARY:Aschermittwoch
STATUS:CONFIRMED
CATEGORIES:Feiertag
DTSTART;VALUE=DATE:20170301
DTEND;VALUE=DATE:20170302
DESCRIPTION:Christlicher Feiertag. Nicht arbeitsfrei.
END:VEVENT
BEGIN:VEVENT
CREATED:20061023T132504Z
LAST-MODIFIED:20151112T003229Z
DTSTAMP:20151112T003229Z
UID:f72f6c00-2d32-482e-a46d-61a5e777320c
SUMMARY:Palmsonntag
STATUS:CONFIRMED
CATEGORIES:Feiertag
DTSTART;VALUE=DATE:20170409
DTEND;VALUE=DATE:20170410
DESCRIPTION:Christlicher Feiertag
END:VEVENT
BEGIN:VEVENT
CREATED:20061023T132504Z
LAST-MODIFIED:20151112T003231Z
DTSTAMP:20151112T003231Z
UID:8fa71791-b268-4bcf-9608-b3b71ee4d42f
SUMMARY:Karfreitag
STATUS:CONFIRMED
CATEGORIES:Feiertag
DTSTART;VALUE=DATE:20170414
DTEND;VALUE=DATE:20170415
DESCRIPTION:Christlicher Feiertag
END:VEVENT
BEGIN:VEVENT
CREATED:20061023T132504Z
LAST-MODIFIED:20151112T003233Z
DTSTAMP:20151112T003233Z
UID:dfa3d5cd-e019-47eb-af28-ae68881a9455
SUMMARY:Ostern
STATUS:CONFIRMED
CATEGORIES:Feiertag
DTSTART;VALUE=DATE:20170416
DTEND;VALUE=DATE:20170417
DESCRIPTION:Christlicher Feiertag
END:VEVENT
BEGIN:VEVENT
CREATED:20061023T132504Z
LAST-MODIFIED:20151112T003236Z
DTSTAMP:20151112T003236Z
UID:19c7a50b-7657-47e3-b580-60cba7054e04
SUMMARY:Ostermontag
STATUS:CONFIRMED
CATEGORIES:Feiertag
DTSTART;VALUE=DATE:20170417
DTEND;VALUE=DATE:20170418
DESCRIPTION:Christlicher Feiertag.
END:VEVENT
BEGIN:VEVENT
CREATED:20101214T124550Z
LAST-MODIFIED:20151112T003241Z
DTSTAMP:20151112T003241Z
UID:e19fad7c-8380-4c7e-92f4-5a9e54677e08
SUMMARY:Muttertag
STATUS:CONFIRMED
CATEGORIES:Feiertag
DTSTART;VALUE=DATE:20170514
DTEND;VALUE=DATE:20170515
DESCRIPTION:Kein gesetzlicher Feiertag
END:VEVENT
BEGIN:VEVENT
CREATED:20061023T132504Z
LAST-MODIFIED:20151112T003243Z
DTSTAMP:20151112T003243Z
UID:2bbc5f38-6d37-45f6-a015-027520fb4b26
SUMMARY:Christi Himmelfahrt
STATUS:CONFIRMED
CATEGORIES:Feiertag
DTSTART;VALUE=DATE:20170525
DTEND;VALUE=DATE:20170526
DESCRIPTION:Christlicher Feiertag
END:VEVENT
BEGIN:VEVENT
CREATED:20061023T132504Z
LAST-MODIFIED:20151112T003246Z
DTSTAMP:20151112T003246Z
UID:55d7b48b-f4ac-4d4f-9f7a-c750cd836fb9
SUMMARY:Pfingsten
STATUS:CONFIRMED
CATEGORIES:Feiertag
DTSTART;VALUE=DATE:20170604
DTEND;VALUE=DATE:20170605
DESCRIPTION:Christlicher Feiertag
END:VEVENT
BEGIN:VEVENT
CREATED:20061023T132504Z
LAST-MODIFIED:20151112T003252Z
DTSTAMP:20151112T003252Z
UID:0763c01f-245e-4ebf-acff-45597e999a01
SUMMARY:Pfingstmontag
STATUS:CONFIRMED
CATEGORIES:Feiertag
DTSTART;VALUE=DATE:20170605
DTEND;VALUE=DATE:20170606
DESCRIPTION:Christlicher Feiertag
END:VEVENT
BEGIN:VEVENT
CREATED:20061023T132504Z
LAST-MODIFIED:20151112T003254Z
DTSTAMP:20151112T003254Z
UID:015cf5bd-1737-414a-9ed5-54f12a26ea8c
SUMMARY:Fronleichnam
STATUS:CONFIRMED
CATEGORIES:Feiertag
DTSTART;VALUE=DATE:20170615
DTEND;VALUE=DATE:20170616
DESCRIPTION:Christlicher Feiertag. Nur in Baden-Württemberg\, Bayern\, He
 ssen\, Nordrhein-Westfalen\,\nRheinland-Pfalz\, Saarland\, Sachsen (teilwe
 ise) und Thüringen (teilweise).
END:VEVENT
BEGIN:VEVENT
CREATED:20101205T145713Z
LAST-MODIFIED:20151112T003307Z
DTSTAMP:20151112T003307Z
UID:1d786d4e-0306-4171-a821-f570cfc23a1e
SUMMARY:Volkstrauertag
STATUS:CONFIRMED
CATEGORIES:Feiertag
DTSTART;VALUE=DATE:20171119
DTEND;VALUE=DATE:20171120
DESCRIPTION:Kein gesetzlicher Feiertag
END:VEVENT
BEGIN:VEVENT
CREATED:20061023T132504Z
LAST-MODIFIED:20151112T003311Z
DTSTAMP:20151112T003311Z
UID:e2e10823-b9cd-4c10-931c-38f2b0853844
SUMMARY:Buß- und Bettag
STATUS:CONFIRMED
CATEGORIES:Feiertag
DTSTART;VALUE=DATE:20171122
DTEND;VALUE=DATE:20171123
DESCRIPTION:Nur in Sachsen.
END:VEVENT
BEGIN:VEVENT
CREATED:20061023T132504Z
LAST-MODIFIED:20151112T003315Z
DTSTAMP:20151112T003315Z
UID:3d292c6c-c482-4a6a-8ec3-18dae2c57aa0
SUMMARY:Totensonntag
STATUS:CONFIRMED
CATEGORIES:Feiertag
DTSTART;VALUE=DATE:20171126
DTEND;VALUE=DATE:20171127
DESCRIPTION:Christlicher Feiertag.
END:VEVENT
BEGIN:VEVENT
CREATED:20061023T132504Z
LAST-MODIFIED:20151112T003318Z
DTSTAMP:20151112T003318Z
UID:f31f4c45-3d27-4992-88b7-8ed6e269069a
SUMMARY:Erster Advent
STATUS:CONFIRMED
CATEGORIES:Feiertag
DTSTART;VALUE=DATE:20171203
DTEND;VALUE=DATE:20171204
DESCRIPTION:Christlicher Feiertag.
END:VEVENT
BEGIN:VEVENT
CREATED:20061023T132504Z
LAST-MODIFIED:20151112T003324Z
DTSTAMP:20151112T003324Z
UID:4f5ceb8a-4fdf-471b-873d-7b6d74ce1527
SUMMARY:Zweiter Advent
STATUS:CONFIRMED
CATEGORIES:Feiertag
DTSTART;VALUE=DATE:20171210
DTEND;VALUE=DATE:20171211
DESCRIPTION:Christlicher Feiertag.
END:VEVENT
BEGIN:VEVENT
CREATED:20061023T132504Z
LAST-MODIFIED:20151112T003327Z
DTSTAMP:20151112T003327Z
UID:13fc6d4f-c378-478e-b4d1-98578060b359
SUMMARY:Dritter Advent
STATUS:CONFIRMED
CATEGORIES:Feiertag
DTSTART;VALUE=DATE:20171217
DTEND;VALUE=DATE:20171218
DESCRIPTION:Christlicher Feiertag.
END:VEVENT
BEGIN:VEVENT
CREATED:20061023T132504Z
LAST-MODIFIED:20151112T003330Z
DTSTAMP:20151112T003330Z
UID:71807f5d-ea0a-4c85-954d-301490a4db78
SUMMARY:Vierter Advent
STATUS:CONFIRMED
CATEGORIES:Feiertag
DTSTART;VALUE=DATE:20171224
DTEND;VALUE=DATE:20171225
DESCRIPTION:Christlicher Feiertag.
END:VEVENT
BEGIN:VEVENT
CREATED:20061023T132504Z
LAST-MODIFIED:20151112T003340Z
DTSTAMP:20151112T003340Z
UID:16a1f889-913e-4d6c-ae41-63d05096af02
SUMMARY:Rosenmontag
STATUS:CONFIRMED
CATEGORIES:Feiertag
DTSTART;VALUE=DATE:20180212
DTEND;VALUE=DATE:20180213
DESCRIPTION:Karneval
END:VEVENT
BEGIN:VEVENT
CREATED:20061023T132504Z
LAST-MODIFIED:20151112T003343Z
DTSTAMP:20151112T003343Z
UID:553ebbee-4e98-4979-9fb4-f16de19b78c9
SUMMARY:Aschermittwoch
STATUS:CONFIRMED
CATEGORIES:Feiertag
DTSTART;VALUE=DATE:20180214
DTEND;VALUE=DATE:20180215
DESCRIPTION:Christlicher Feiertag. Nicht arbeitsfrei.
END:VEVENT
BEGIN:VEVENT
CREATED:20061023T132504Z
LAST-MODIFIED:20151112T003349Z
DTSTAMP:20151112T003349Z
UID:30545b15-fe6a-431d-bb1c-7cbe8921b396
SUMMARY:Palmsonntag
STATUS:CONFIRMED
CATEGORIES:Feiertag
DTSTART;VALUE=DATE:20180325
DTEND;VALUE=DATE:20180326
DESCRIPTION:Christlicher Feiertag
END:VEVENT
BEGIN:VEVENT
CREATED:20061023T132504Z
LAST-MODIFIED:20151112T003352Z
DTSTAMP:20151112T003352Z
UID:00fa1ea2-c91d-4d5b-89c5-1102259e1d24
SUMMARY:Karfreitag
STATUS:CONFIRMED
CATEGORIES:Feiertag
DTSTART;VALUE=DATE:20180330
DTEND;VALUE=DATE:20180331
DESCRIPTION:Christlicher Feiertag
END:VEVENT
BEGIN:VEVENT
CREATED:20061023T132504Z
LAST-MODIFIED:20151112T003357Z
DTSTAMP:20151112T003357Z
UID:3a6ff1ad-1215-462e-bc6e-31ff03cab1fe
SUMMARY:Ostern
STATUS:CONFIRMED
CATEGORIES:Feiertag
DTSTART;VALUE=DATE:20180401
DTEND;VALUE=DATE:20180402
DESCRIPTION:Christlicher Feiertag
END:VEVENT
BEGIN:VEVENT
CREATED:20061023T132504Z
LAST-MODIFIED:20151112T003403Z
DTSTAMP:20151112T003403Z
UID:0ab12047-4716-4307-9d41-025db2534867
SUMMARY:Ostermontag
STATUS:CONFIRMED
CATEGORIES:Feiertag
DTSTART;VALUE=DATE:20180402
DTEND;VALUE=DATE:20180403
DESCRIPTION:Christlicher Feiertag.
END:VEVENT
BEGIN:VEVENT
CREATED:20061023T132504Z
LAST-MODIFIED:20151112T003409Z
DTSTAMP:20151112T003409Z
UID:52384e2f-82a3-4318-98da-8d9ebc700d76
SUMMARY:Christi Himmelfahrt
STATUS:CONFIRMED
CATEGORIES:Feiertag
DTSTART;VALUE=DATE:20180510
DTEND;VALUE=DATE:20180511
DESCRIPTION:Christlicher Feiertag
END:VEVENT
BEGIN:VEVENT
CREATED:20101214T124550Z
LAST-MODIFIED:20151112T003412Z
DTSTAMP:20151112T003412Z
UID:01e33d81-7688-4b5f-a448-8f30936d53c5
SUMMARY:Muttertag
STATUS:CONFIRMED
CATEGORIES:Feiertag
DTSTART;VALUE=DATE:20180513
DTEND;VALUE=DATE:20180514
DESCRIPTION:Kein gesetzlicher Feiertag
END:VEVENT
BEGIN:VEVENT
CREATED:20061023T132504Z
LAST-MODIFIED:20151112T003415Z
DTSTAMP:20151112T003415Z
UID:e6891ff2-4e97-4163-8b68-2711a9395a2b
SUMMARY:Pfingsten
STATUS:CONFIRMED
CATEGORIES:Feiertag
DTSTART;VALUE=DATE:20180520
DTEND;VALUE=DATE:20180521
DESCRIPTION:Christlicher Feiertag
END:VEVENT
BEGIN:VEVENT
CREATED:20061023T132504Z
LAST-MODIFIED:20151112T003418Z
DTSTAMP:20151112T003418Z
UID:01da1f59-2a95-4528-84b7-45c420d73130
SUMMARY:Pfingstmontag
STATUS:CONFIRMED
CATEGORIES:Feiertag
DTSTART;VALUE=DATE:20180521
DTEND;VALUE=DATE:20180522
DESCRIPTION:Christlicher Feiertag
END:VEVENT
BEGIN:VEVENT
CREATED:20061023T132504Z
LAST-MODIFIED:20151112T003421Z
DTSTAMP:20151112T003421Z
UID:67fb97d6-d8f6-46be-bcc0-4e7c515330fc
SUMMARY:Fronleichnam
STATUS:CONFIRMED
CATEGORIES:Feiertag
DTSTART;VALUE=DATE:20180531
DTEND;VALUE=DATE:20180601
DESCRIPTION:Christlicher Feiertag. Nur in Baden-Württemberg\, Bayern\, He
 ssen\, Nordrhein-Westfalen\,\nRheinland-Pfalz\, Saarland\, Sachsen (teilwe
 ise) und Thüringen (teilweise).
END:VEVENT
BEGIN:VEVENT
CREATED:20101205T145713Z
LAST-MODIFIED:20151112T003432Z
DTSTAMP:20151112T003432Z
UID:5d16b62d-e646-4fb9-b6c2-ade396b87ea7
SUMMARY:Volkstrauertag
STATUS:CONFIRMED
CATEGORIES:Feiertag
DTSTART;VALUE=DATE:20181118
DTEND;VALUE=DATE:20181119
DESCRIPTION:Kein gesetzlicher Feiertag
END:VEVENT
BEGIN:VEVENT
CREATED:20061023T132504Z
LAST-MODIFIED:20151112T003436Z
DTSTAMP:20151112T003436Z
UID:8f011c35-0bc0-4ce7-983c-3f5107105089
SUMMARY:Buß- und Bettag
STATUS:CONFIRMED
CATEGORIES:Feiertag
DTSTART;VALUE=DATE:20181121
DTEND;VALUE=DATE:20181122
DESCRIPTION:Nur in Sachsen.
END:VEVENT
BEGIN:VEVENT
CREATED:20061023T132504Z
LAST-MODIFIED:20151112T003439Z
DTSTAMP:20151112T003439Z
UID:5ce3351e-8a46-4a6a-86c1-9d6a4691d69c
SUMMARY:Totensonntag
STATUS:CONFIRMED
CATEGORIES:Feiertag
DTSTART;VALUE=DATE:20181125
DTEND;VALUE=DATE:20181126
DESCRIPTION:Christlicher Feiertag.
END:VEVENT
BEGIN:VEVENT
CREATED:20061023T132504Z
LAST-MODIFIED:20151112T003442Z
DTSTAMP:20151112T003442Z
UID:54af4894-22f2-4d6f-afec-b41a4773a7c1
SUMMARY:Erster Advent
STATUS:CONFIRMED
CATEGORIES:Feiertag
DTSTART;VALUE=DATE:20181202
DTEND;VALUE=DATE:20181203
DESCRIPTION:Christlicher Feiertag.
END:VEVENT
BEGIN:VEVENT
CREATED:20061023T132504Z
LAST-MODIFIED:20151112T003447Z
DTSTAMP:20151112T003447Z
UID:075866e7-e5a4-4e28-9e7b-da1668457f12
SUMMARY:Zweiter Advent
STATUS:CONFIRMED
CATEGORIES:Feiertag
DTSTART;VALUE=DATE:20181209
DTEND;VALUE=DATE:20181210
DESCRIPTION:Christlicher Feiertag.
END:VEVENT
BEGIN:VEVENT
CREATED:20061023T132504Z
LAST-MODIFIED:20151112T003451Z
DTSTAMP:20151112T003451Z
UID:859543e9-8310-4c39-a953-55d01afb95d5
SUMMARY:Dritter Advent
STATUS:CONFIRMED
CATEGORIES:Feiertag
DTSTART;VALUE=DATE:20181216
DTEND;VALUE=DATE:20181217
DESCRIPTION:Christlicher Feiertag.
END:VEVENT
BEGIN:VEVENT
CREATED:20061023T132504Z
LAST-MODIFIED:20151112T003453Z
DTSTAMP:20151112T003453Z
UID:86472732-c54c-454c-8c46-60dc8d872f22
SUMMARY:Vierter Advent
STATUS:CONFIRMED
CATEGORIES:Feiertag
DTSTART;VALUE=DATE:20181223
DTEND;VALUE=DATE:20181224
DESCRIPTION:Christlicher Feiertag.
END:VEVENT
BEGIN:VEVENT
CREATED:20061023T132504Z
LAST-MODIFIED:20151112T003503Z
DTSTAMP:20151112T003503Z
UID:d37799d7-4c4e-49a1-8132-3b41ffdc650e
SUMMARY:Rosenmontag
STATUS:CONFIRMED
CATEGORIES:Feiertag
DTSTART;VALUE=DATE:20190304
DTEND;VALUE=DATE:20190305
DESCRIPTION:Karneval
END:VEVENT
BEGIN:VEVENT
CREATED:20061023T132504Z
LAST-MODIFIED:20151112T003506Z
DTSTAMP:20151112T003506Z
UID:59874060-e592-493d-beb3-7710a4c8a4c4
SUMMARY:Aschermittwoch
STATUS:CONFIRMED
CATEGORIES:Feiertag
DTSTART;VALUE=DATE:20190306
DTEND;VALUE=DATE:20190307
DESCRIPTION:Christlicher Feiertag. Nicht arbeitsfrei.
END:VEVENT
BEGIN:VEVENT
CREATED:20061023T132504Z
LAST-MODIFIED:20151112T003510Z
DTSTAMP:20151112T003510Z
UID:f69b0d53-6039-4f44-993e-dfed2988dbbb
SUMMARY:Palmsonntag
STATUS:CONFIRMED
CATEGORIES:Feiertag
DTSTART;VALUE=DATE:20190414
DTEND;VALUE=DATE:20190415
DESCRIPTION:Christlicher Feiertag
END:VEVENT
BEGIN:VEVENT
CREATED:20061023T132504Z
LAST-MODIFIED:20151112T003513Z
DTSTAMP:20151112T003513Z
UID:0aaa7d21-c168-4dbb-a9ca-311c83c0840d
SUMMARY:Karfreitag
STATUS:CONFIRMED
CATEGORIES:Feiertag
DTSTART;VALUE=DATE:20190419
DTEND;VALUE=DATE:20190420
DESCRIPTION:Christlicher Feiertag
END:VEVENT
BEGIN:VEVENT
CREATED:20061023T132504Z
LAST-MODIFIED:20151112T003517Z
DTSTAMP:20151112T003517Z
UID:c6ae2cd0-f9dc-4936-ac69-7f43a8d5c454
SUMMARY:Ostern
STATUS:CONFIRMED
CATEGORIES:Feiertag
DTSTART;VALUE=DATE:20190421
DTEND;VALUE=DATE:20190422
DESCRIPTION:Christlicher Feiertag
END:VEVENT
BEGIN:VEVENT
CREATED:20061023T132504Z
LAST-MODIFIED:20151112T003519Z
DTSTAMP:20151112T003519Z
UID:b0300aa9-c14b-482c-b9d9-be81d9475123
SUMMARY:Ostermontag
STATUS:CONFIRMED
CATEGORIES:Feiertag
DTSTART;VALUE=DATE:20190422
DTEND;VALUE=DATE:20190423
DESCRIPTION:Christlicher Feiertag.
END:VEVENT
BEGIN:VEVENT
CREATED:20101214T124550Z
LAST-MODIFIED:20151112T003527Z
DTSTAMP:20151112T003527Z
UID:1cbb64eb-c8c1-4f49-bc4e-e11190c37f42
SUMMARY:Muttertag
STATUS:CONFIRMED
CATEGORIES:Feiertag
DTSTART;VALUE=DATE:20190512
DTEND;VALUE=DATE:20190513
DESCRIPTION:Kein gesetzlicher Feiertag
END:VEVENT
BEGIN:VEVENT
CREATED:20061023T132504Z
LAST-MODIFIED:20151112T003530Z
DTSTAMP:20151112T003530Z
UID:54b3d09c-99f7-4f27-9253-d1fe8e358c50
SUMMARY:Christi Himmelfahrt
STATUS:CONFIRMED
CATEGORIES:Feiertag
DTSTART;VALUE=DATE:20190530
DTEND;VALUE=DATE:20190531
DESCRIPTION:Christlicher Feiertag
END:VEVENT
BEGIN:VEVENT
CREATED:20061023T132504Z
LAST-MODIFIED:20151112T003536Z
DTSTAMP:20151112T003536Z
UID:4154d812-6a09-4bb1-9b39-9654af771086
SUMMARY:Pfingsten
STATUS:CONFIRMED
CATEGORIES:Feiertag
DTSTART;VALUE=DATE:20190609
DTEND;VALUE=DATE:20190610
DESCRIPTION:Christlicher Feiertag
END:VEVENT
BEGIN:VEVENT
CREATED:20061023T132504Z
LAST-MODIFIED:20151112T003541Z
DTSTAMP:20151112T003541Z
UID:68095b69-e62a-4a0a-be4a-c9a68844a341
SUMMARY:Pfingstmontag
STATUS:CONFIRMED
CATEGORIES:Feiertag
DTSTART;VALUE=DATE:20190610
DTEND;VALUE=DATE:20190611
DESCRIPTION:Christlicher Feiertag
END:VEVENT
BEGIN:VEVENT
CREATED:20061023T132504Z
LAST-MODIFIED:20151112T003544Z
DTSTAMP:20151112T003544Z
UID:b6b1feb6-a276-4601-bc55-ad41d61525dc
SUMMARY:Fronleichnam
STATUS:CONFIRMED
CATEGORIES:Feiertag
DTSTART;VALUE=DATE:20190620
DTEND;VALUE=DATE:20190621
DESCRIPTION:Christlicher Feiertag. Nur in Baden-Württemberg\, Bayern\, He
 ssen\, Nordrhein-Westfalen\,\nRheinland-Pfalz\, Saarland\, Sachsen (teilwe
 ise) und Thüringen (teilweise).
END:VEVENT
BEGIN:VEVENT
CREATED:20101205T145713Z
LAST-MODIFIED:20151112T003553Z
DTSTAMP:20151112T003553Z
UID:de277d46-95e5-4345-be04-a3e37e4e9903
SUMMARY:Volkstrauertag
STATUS:CONFIRMED
CATEGORIES:Feiertag
DTSTART;VALUE=DATE:20191117
DTEND;VALUE=DATE:20191118
DESCRIPTION:Kein gesetzlicher Feiertag
END:VEVENT
BEGIN:VEVENT
CREATED:20061023T132504Z
LAST-MODIFIED:20151112T003558Z
DTSTAMP:20151112T003558Z
UID:29bcda47-bb53-40ef-8d23-5f96e87d7b11
SUMMARY:Buß- und Bettag
STATUS:CONFIRMED
CATEGORIES:Feiertag
DTSTART;VALUE=DATE:20191120
DTEND;VALUE=DATE:20191121
DESCRIPTION:Nur in Sachsen.
END:VEVENT
BEGIN:VEVENT
CREATED:20061023T132504Z
LAST-MODIFIED:20151112T003601Z
DTSTAMP:20151112T003601Z
UID:55f73cbf-979c-4947-9245-1f39720f017a
SUMMARY:Totensonntag
STATUS:CONFIRMED
CATEGORIES:Feiertag
DTSTART;VALUE=DATE:20191124
DTEND;VALUE=DATE:20191125
DESCRIPTION:Christlicher Feiertag.
END:VEVENT
BEGIN:VEVENT
CREATED:20061023T132504Z
LAST-MODIFIED:20151112T003604Z
DTSTAMP:20151112T003604Z
UID:f88e5652-cc2c-4e29-8d7a-aaf2b839ca87
SUMMARY:Erster Advent
STATUS:CONFIRMED
CATEGORIES:Feiertag
DTSTART;VALUE=DATE:20191201
DTEND;VALUE=DATE:20191202
DESCRIPTION:Christlicher Feiertag.
END:VEVENT
BEGIN:VEVENT
CREATED:20061023T132504Z
LAST-MODIFIED:20151112T003609Z
DTSTAMP:20151112T003609Z
UID:6a1e6f6b-4a86-45cf-ae59-e73968a4f094
SUMMARY:Zweiter Advent
STATUS:CONFIRMED
CATEGORIES:Feiertag
DTSTART;VALUE=DATE:20191208
DTEND;VALUE=DATE:20191209
DESCRIPTION:Christlicher Feiertag.
END:VEVENT
BEGIN:VEVENT
CREATED:20061023T132504Z
LAST-MODIFIED:20151112T003611Z
DTSTAMP:20151112T003611Z
UID:59ab9870-918f-49ef-a3c5-ac1b79c12e43
SUMMARY:Dritter Advent
STATUS:CONFIRMED
CATEGORIES:Feiertag
DTSTART;VALUE=DATE:20191215
DTEND;VALUE=DATE:20191216
DESCRIPTION:Christlicher Feiertag.
END:VEVENT
BEGIN:VEVENT
CREATED:20061023T132504Z
LAST-MODIFIED:20151112T003615Z
DTSTAMP:20151112T003615Z
UID:cc5ff7ef-7d49-49ab-ab20-b2fcfb9d5c8a
SUMMARY:Vierter Advent
STATUS:CONFIRMED
CATEGORIES:Feiertag
DTSTART;VALUE=DATE:20191222
DTEND;VALUE=DATE:20191223
DESCRIPTION:Christlicher Feiertag.
END:VEVENT
BEGIN:VEVENT
CREATED:20061023T132504Z
LAST-MODIFIED:20151112T003621Z
DTSTAMP:20151112T003621Z
UID:f10cb9c7-e9c6-40da-9799-e9f7defc8706
SUMMARY:Rosenmontag
STATUS:CONFIRMED
CATEGORIES:Feiertag
DTSTART;VALUE=DATE:20200224
DTEND;VALUE=DATE:20200225
DESCRIPTION:Karneval
END:VEVENT
BEGIN:VEVENT
CREATED:20061023T132504Z
LAST-MODIFIED:20151112T003624Z
DTSTAMP:20151112T003624Z
UID:d263556d-11f7-41dd-9b87-e7e33b5e0cd7
SUMMARY:Aschermittwoch
STATUS:CONFIRMED
CATEGORIES:Feiertag
DTSTART;VALUE=DATE:20200226
DTEND;VALUE=DATE:20200227
DESCRIPTION:Christlicher Feiertag. Nicht arbeitsfrei.
END:VEVENT
BEGIN:VEVENT
CREATED:20061023T132504Z
LAST-MODIFIED:20151112T003630Z
DTSTAMP:20151112T003630Z
UID:e7d82cc8-29d3-4b46-8c64-6d0514ff01a3
SUMMARY:Palmsonntag
STATUS:CONFIRMED
CATEGORIES:Feiertag
DTSTART;VALUE=DATE:20200405
DTEND;VALUE=DATE:20200406
DESCRIPTION:Christlicher Feiertag
END:VEVENT
BEGIN:VEVENT
CREATED:20061023T132504Z
LAST-MODIFIED:20151112T003633Z
DTSTAMP:20151112T003633Z
UID:84fb596d-f62c-4f0c-be11-7d96e7883e97
SUMMARY:Karfreitag
STATUS:CONFIRMED
CATEGORIES:Feiertag
DTSTART;VALUE=DATE:20200410
DTEND;VALUE=DATE:20200411
DESCRIPTION:Christlicher Feiertag
END:VEVENT
BEGIN:VEVENT
CREATED:20061023T132504Z
LAST-MODIFIED:20151112T003636Z
DTSTAMP:20151112T003636Z
UID:b65c108f-5eea-4065-a4cd-8f5cc869666b
SUMMARY:Ostern
STATUS:CONFIRMED
CATEGORIES:Feiertag
DTSTART;VALUE=DATE:20200412
DTEND;VALUE=DATE:20200413
DESCRIPTION:Christlicher Feiertag
END:VEVENT
BEGIN:VEVENT
CREATED:20061023T132504Z
LAST-MODIFIED:20151112T003639Z
DTSTAMP:20151112T003639Z
UID:12013b62-6924-4457-89ff-3a8ba947bd5e
SUMMARY:Ostermontag
STATUS:CONFIRMED
CATEGORIES:Feiertag
DTSTART;VALUE=DATE:20200413
DTEND;VALUE=DATE:20200414
DESCRIPTION:Christlicher Feiertag.
END:VEVENT
BEGIN:VEVENT
CREATED:20101214T124550Z
LAST-MODIFIED:20151112T003647Z
DTSTAMP:20151112T003647Z
UID:b3a25d49-3ae0-4941-a0a3-605a0aa013a3
SUMMARY:Muttertag
STATUS:CONFIRMED
CATEGORIES:Feiertag
DTSTART;VALUE=DATE:20200510
DTEND;VALUE=DATE:20200511
DESCRIPTION:Kein gesetzlicher Feiertag
END:VEVENT
BEGIN:VEVENT
CREATED:20061023T132504Z
LAST-MODIFIED:20151112T003650Z
DTSTAMP:20151112T003650Z
UID:20b3805d-d325-478b-bcee-c8f1f87f7e2d
SUMMARY:Christi Himmelfahrt
STATUS:CONFIRMED
CATEGORIES:Feiertag
DTSTART;VALUE=DATE:20200521
DTEND;VALUE=DATE:20200522
DESCRIPTION:Christlicher Feiertag
END:VEVENT
BEGIN:VEVENT
CREATED:20061023T132504Z
LAST-MODIFIED:20151112T003653Z
DTSTAMP:20151112T003653Z
UID:b394de73-9c84-425c-8f43-acb3f08988fb
SUMMARY:Pfingsten
STATUS:CONFIRMED
CATEGORIES:Feiertag
DTSTART;VALUE=DATE:20200531
DTEND;VALUE=DATE:20200601
DESCRIPTION:Christlicher Feiertag
END:VEVENT
BEGIN:VEVENT
CREATED:20061023T132504Z
LAST-MODIFIED:20151112T003657Z
DTSTAMP:20151112T003657Z
UID:279144b9-b220-4b4d-972b-97cf5ec2d3cf
SUMMARY:Pfingstmontag
STATUS:CONFIRMED
CATEGORIES:Feiertag
DTSTART;VALUE=DATE:20200601
DTEND;VALUE=DATE:20200602
DESCRIPTION:Christlicher Feiertag
END:VEVENT
BEGIN:VEVENT
CREATED:20061023T132504Z
LAST-MODIFIED:20151112T003700Z
DTSTAMP:20151112T003700Z
UID:d7546276-1150-44c1-98a2-dae1bb8116a5
SUMMARY:Fronleichnam
STATUS:CONFIRMED
CATEGORIES:Feiertag
DTSTART;VALUE=DATE:20200611
DTEND;VALUE=DATE:20200612
DESCRIPTION:Christlicher Feiertag. Nur in Baden-Württemberg\, Bayern\, He
 ssen\, Nordrhein-Westfalen\,\nRheinland-Pfalz\, Saarland\, Sachsen (teilwe
 ise) und Thüringen (teilweise).
END:VEVENT
BEGIN:VEVENT
CREATED:20101205T145713Z
LAST-MODIFIED:20151112T003712Z
DTSTAMP:20151112T003712Z
UID:679fbcca-0d15-4d5e-8f8b-42d39c1a6365
SUMMARY:Volkstrauertag
STATUS:CONFIRMED
CATEGORIES:Feiertag
DTSTART;VALUE=DATE:20201115
DTEND;VALUE=DATE:20201116
DESCRIPTION:Kein gesetzlicher Feiertag
END:VEVENT
BEGIN:VEVENT
CREATED:20061023T132504Z
LAST-MODIFIED:20151112T003716Z
DTSTAMP:20151112T003716Z
UID:fbda2175-0043-463e-9559-75846f246604
SUMMARY:Buß- und Bettag
STATUS:CONFIRMED
CATEGORIES:Feiertag
DTSTART;VALUE=DATE:20201118
DTEND;VALUE=DATE:20201119
DESCRIPTION:Nur in Sachsen.
END:VEVENT
BEGIN:VEVENT
CREATED:20061023T132504Z
LAST-MODIFIED:20151112T003719Z
DTSTAMP:20151112T003719Z
UID:0cc4f56c-7eb8-4de7-ae2a-99b293b25f97
SUMMARY:Totensonntag
STATUS:CONFIRMED
CATEGORIES:Feiertag
DTSTART;VALUE=DATE:20201122
DTEND;VALUE=DATE:20201123
DESCRIPTION:Christlicher Feiertag.
END:VEVENT
BEGIN:VEVENT
CREATED:20061023T132504Z
LAST-MODIFIED:20151112T003722Z
DTSTAMP:20151112T003722Z
UID:af547b9d-c9fb-4b2c-a9ee-1883a246fb4a
SUMMARY:Erster Advent
STATUS:CONFIRMED
CATEGORIES:Feiertag
DTSTART;VALUE=DATE:20201129
DTEND;VALUE=DATE:20201130
DESCRIPTION:Christlicher Feiertag.
END:VEVENT
BEGIN:VEVENT
CREATED:20061023T132504Z
LAST-MODIFIED:20151112T003726Z
DTSTAMP:20151112T003726Z
UID:9be17f09-8386-4d4a-b611-ea5b8aaca4d1
SUMMARY:Zweiter Advent
STATUS:CONFIRMED
CATEGORIES:Feiertag
DTSTART;VALUE=DATE:20201206
DTEND;VALUE=DATE:20201207
DESCRIPTION:Christlicher Feiertag.
END:VEVENT
BEGIN:VEVENT
CREATED:20061023T132504Z
LAST-MODIFIED:20151112T003749Z
DTSTAMP:20151112T003749Z
UID:7b494bd1-ed8b-4278-985e-f974481b1574
SUMMARY:Dritter Advent
STATUS:CONFIRMED
CATEGORIES:Feiertag
DTSTART;VALUE=DATE:20201213
DTEND;VALUE=DATE:20201214
DESCRIPTION:Christlicher Feiertag.
END:VEVENT
BEGIN:VEVENT
CREATED:20061023T132504Z
LAST-MODIFIED:20151112T003753Z
DTSTAMP:20151112T003753Z
UID:1b11acb7-0340-4958-9225-cfc14f4a478f
SUMMARY:Vierter Advent
STATUS:CONFIRMED
CATEGORIES:Feiertag
DTSTART;VALUE=DATE:20201220
DTEND;VALUE=DATE:20201221
DESCRIPTION:Christlicher Feiertag.
END:VEVENT
BEGIN:VEVENT
CREATED:20061023T132504Z
LAST-MODIFIED:20151112T003803Z
DTSTAMP:20151112T003803Z
UID:2a024898-6e15-448b-83f5-c994fb1e4aa1
SUMMARY:Rosenmontag
STATUS:CONFIRMED
CATEGORIES:Feiertag
DTSTART;VALUE=DATE:20210215
DTEND;VALUE=DATE:20210216
DESCRIPTION:Karneval
END:VEVENT
BEGIN:VEVENT
CREATED:20061023T132504Z
LAST-MODIFIED:20151112T003805Z
DTSTAMP:20151112T003805Z
UID:82dc191a-e513-407e-99e3-9cb98483715d
SUMMARY:Aschermittwoch
STATUS:CONFIRMED
CATEGORIES:Feiertag
DTSTART;VALUE=DATE:20210217
DTEND;VALUE=DATE:20210218
DESCRIPTION:Christlicher Feiertag. Nicht arbeitsfrei.
END:VEVENT
BEGIN:VEVENT
CREATED:20061023T132504Z
LAST-MODIFIED:20151112T003810Z
DTSTAMP:20151112T003810Z
UID:59bc7188-f21f-4410-ac07-ccf7bac3afb9
SUMMARY:Palmsonntag
STATUS:CONFIRMED
CATEGORIES:Feiertag
DTSTART;VALUE=DATE:20210328
DTEND;VALUE=DATE:20210329
DESCRIPTION:Christlicher Feiertag
END:VEVENT
BEGIN:VEVENT
CREATED:20061023T132504Z
LAST-MODIFIED:20151112T003812Z
DTSTAMP:20151112T003812Z
UID:4c8899f1-6694-4804-bdaf-dd13f837c8d5
SUMMARY:Karfreitag
STATUS:CONFIRMED
CATEGORIES:Feiertag
DTSTART;VALUE=DATE:20210402
DTEND;VALUE=DATE:20210403
DESCRIPTION:Christlicher Feiertag
END:VEVENT
BEGIN:VEVENT
CREATED:20061023T132504Z
LAST-MODIFIED:20151112T003814Z
DTSTAMP:20151112T003814Z
UID:7de1ada4-4e88-417e-91a1-86a219184830
SUMMARY:Ostern
STATUS:CONFIRMED
CATEGORIES:Feiertag
DTSTART;VALUE=DATE:20210404
DTEND;VALUE=DATE:20210405
DESCRIPTION:Christlicher Feiertag
END:VEVENT
BEGIN:VEVENT
CREATED:20061023T132504Z
LAST-MODIFIED:20151112T003829Z
DTSTAMP:20151112T003829Z
UID:3ab2214a-92e4-4fca-87b6-77d92c142631
SUMMARY:Ostermontag
STATUS:CONFIRMED
CATEGORIES:Feiertag
DTSTART;VALUE=DATE:20210405
DTEND;VALUE=DATE:20210406
DESCRIPTION:Christlicher Feiertag.
END:VEVENT
BEGIN:VEVENT
CREATED:20101214T124550Z
LAST-MODIFIED:20151112T003838Z
DTSTAMP:20151112T003838Z
UID:d6cfc602-b0ec-4cb7-a066-4fed1804dc2e
SUMMARY:Muttertag
STATUS:CONFIRMED
CATEGORIES:Feiertag
DTSTART;VALUE=DATE:20210509
DTEND;VALUE=DATE:20210510
DESCRIPTION:Kein gesetzlicher Feiertag
END:VEVENT
BEGIN:VEVENT
CREATED:20061023T132504Z
LAST-MODIFIED:20151112T003840Z
DTSTAMP:20151112T003840Z
UID:65fd8793-c12f-4c51-b392-a40b8b434fee
SUMMARY:Christi Himmelfahrt
STATUS:CONFIRMED
CATEGORIES:Feiertag
DTSTART;VALUE=DATE:20210513
DTEND;VALUE=DATE:20210514
DESCRIPTION:Christlicher Feiertag
END:VEVENT
BEGIN:VEVENT
CREATED:20061023T132504Z
LAST-MODIFIED:20151112T003842Z
DTSTAMP:20151112T003842Z
UID:8a560aec-1ad3-4116-b0c0-f345345f8112
SUMMARY:Pfingstmontag
STATUS:CONFIRMED
CATEGORIES:Feiertag
DTSTART;VALUE=DATE:20210524
DTEND;VALUE=DATE:20210525
DESCRIPTION:Christlicher Feiertag
END:VEVENT
BEGIN:VEVENT
CREATED:20061023T132504Z
LAST-MODIFIED:20151112T003844Z
DTSTAMP:20151112T003844Z
UID:6b058d52-a7c5-40e4-9c49-9b2cf6994053
SUMMARY:Pfingsten
STATUS:CONFIRMED
CATEGORIES:Feiertag
DTSTART;VALUE=DATE:20210523
DTEND;VALUE=DATE:20210524
DESCRIPTION:Christlicher Feiertag
END:VEVENT
BEGIN:VEVENT
CREATED:20061023T132504Z
LAST-MODIFIED:20151112T003847Z
DTSTAMP:20151112T003847Z
UID:c04a8136-ee52-432f-b744-b9add999d195
SUMMARY:Fronleichnam
STATUS:CONFIRMED
CATEGORIES:Feiertag
DTSTART;VALUE=DATE:20210603
DTEND;VALUE=DATE:20210604
DESCRIPTION:Christlicher Feiertag. Nur in Baden-Württemberg\, Bayern\, He
 ssen\, Nordrhein-Westfalen\,\nRheinland-Pfalz\, Saarland\, Sachsen (teilwe
 ise) und Thüringen (teilweise).
END:VEVENT
BEGIN:VEVENT
CREATED:20101205T145713Z
LAST-MODIFIED:20151112T003859Z
DTSTAMP:20151112T003859Z
UID:40ee0ec1-9825-45a6-a535-521bcba47c92
SUMMARY:Volkstrauertag
STATUS:CONFIRMED
CATEGORIES:Feiertag
DTSTART;VALUE=DATE:20211114
DTEND;VALUE=DATE:20211115
DESCRIPTION:Kein gesetzlicher Feiertag
END:VEVENT
BEGIN:VEVENT
CREATED:20061023T132504Z
LAST-MODIFIED:20151112T003901Z
DTSTAMP:20151112T003901Z
UID:b495650e-002d-4c02-b9d3-52c26b204bf0
SUMMARY:Buß- und Bettag
STATUS:CONFIRMED
CATEGORIES:Feiertag
DTSTART;VALUE=DATE:20211117
DTEND;VALUE=DATE:20211118
DESCRIPTION:Nur in Sachsen.
END:VEVENT
BEGIN:VEVENT
CREATED:20061023T132504Z
LAST-MODIFIED:20151112T003903Z
DTSTAMP:20151112T003903Z
UID:f0a7eadd-30e7-46c1-bce0-37616e68ac13
SUMMARY:Totensonntag
STATUS:CONFIRMED
CATEGORIES:Feiertag
DTSTART;VALUE=DATE:20211121
DTEND;VALUE=DATE:20211122
DESCRIPTION:Christlicher Feiertag.
END:VEVENT
BEGIN:VEVENT
CREATED:20061023T132504Z
LAST-MODIFIED:20151112T003906Z
DTSTAMP:20151112T003906Z
UID:03e79870-f2e5-414e-ac71-a41f73acd5c8
SUMMARY:Erster Advent
STATUS:CONFIRMED
CATEGORIES:Feiertag
DTSTART;VALUE=DATE:20211128
DTEND;VALUE=DATE:20211129
DESCRIPTION:Christlicher Feiertag.
END:VEVENT
BEGIN:VEVENT
CREATED:20061023T132504Z
LAST-MODIFIED:20151112T003908Z
DTSTAMP:20151112T003908Z
UID:79ba8671-3780-461a-a884-c23a64cf7930
SUMMARY:Zweiter Advent
STATUS:CONFIRMED
CATEGORIES:Feiertag
DTSTART;VALUE=DATE:20211205
DTEND;VALUE=DATE:20211206
DESCRIPTION:Christlicher Feiertag.
END:VEVENT
BEGIN:VEVENT
CREATED:20061023T132504Z
LAST-MODIFIED:20151112T003916Z
DTSTAMP:20151112T003916Z
UID:7128bd77-e61e-48ec-baca-adc12c869c87
SUMMARY:Dritter Advent
STATUS:CONFIRMED
CATEGORIES:Feiertag
DTSTART;VALUE=DATE:20211212
DTEND;VALUE=DATE:20211213
DESCRIPTION:Christlicher Feiertag.
END:VEVENT
BEGIN:VEVENT
CREATED:20061023T132504Z
LAST-MODIFIED:20151112T003918Z
DTSTAMP:20151112T003918Z
UID:b73f7d0d-0d10-4d42-96d7-d3256415d1b9
SUMMARY:Vierter Advent
STATUS:CONFIRMED
CATEGORIES:Feiertag
DTSTART;VALUE=DATE:20211219
DTEND;VALUE=DATE:20211220
DESCRIPTION:Christlicher Feiertag.
END:VEVENT
BEGIN:VEVENT
CREATED:20061023T132504Z
LAST-MODIFIED:20151112T003926Z
DTSTAMP:20151112T003926Z
UID:28273646-1658-430a-836f-90b3079ab56c
SUMMARY:Rosenmontag
STATUS:CONFIRMED
CATEGORIES:Feiertag
DTSTART;VALUE=DATE:20220228
DTEND;VALUE=DATE:20220301
DESCRIPTION:Karneval
END:VEVENT
BEGIN:VEVENT
CREATED:20061023T132504Z
LAST-MODIFIED:20151112T003928Z
DTSTAMP:20151112T003928Z
UID:642134b6-db26-4c84-9055-88f1e350ef4e
SUMMARY:Aschermittwoch
STATUS:CONFIRMED
CATEGORIES:Feiertag
DTSTART;VALUE=DATE:20220302
DTEND;VALUE=DATE:20220303
DESCRIPTION:Christlicher Feiertag. Nicht arbeitsfrei.
END:VEVENT
BEGIN:VEVENT
CREATED:20061023T132504Z
LAST-MODIFIED:20151112T003940Z
DTSTAMP:20151112T003940Z
UID:70683648-440f-45aa-9460-10d1ffced6e1
SUMMARY:Palmsonntag
STATUS:CONFIRMED
CATEGORIES:Feiertag
DTSTART;VALUE=DATE:20220410
DTEND;VALUE=DATE:20220411
DESCRIPTION:Christlicher Feiertag
END:VEVENT
BEGIN:VEVENT
CREATED:20061023T132504Z
LAST-MODIFIED:20151112T003942Z
DTSTAMP:20151112T003942Z
UID:018fdbdd-e2c5-48aa-bf6e-4f802d757d52
SUMMARY:Karfreitag
STATUS:CONFIRMED
CATEGORIES:Feiertag
DTSTART;VALUE=DATE:20220415
DTEND;VALUE=DATE:20220416
DESCRIPTION:Christlicher Feiertag
END:VEVENT
BEGIN:VEVENT
CREATED:20061023T132504Z
LAST-MODIFIED:20151112T003944Z
DTSTAMP:20151112T003944Z
UID:fca22c3c-3e5a-4aec-b1f8-14b146ec71ef
SUMMARY:Ostern
STATUS:CONFIRMED
CATEGORIES:Feiertag
DTSTART;VALUE=DATE:20220417
DTEND;VALUE=DATE:20220418
DESCRIPTION:Christlicher Feiertag
END:VEVENT
BEGIN:VEVENT
CREATED:20061023T132504Z
LAST-MODIFIED:20151112T003948Z
DTSTAMP:20151112T003948Z
UID:402857cd-1eb5-48ef-9b8c-fd0eb188dec6
SUMMARY:Ostermontag
STATUS:CONFIRMED
CATEGORIES:Feiertag
DTSTART;VALUE=DATE:20220418
DTEND;VALUE=DATE:20220419
DESCRIPTION:Christlicher Feiertag.
END:VEVENT
BEGIN:VEVENT
CREATED:20101214T124550Z
LAST-MODIFIED:20151112T003955Z
DTSTAMP:20151112T003955Z
UID:ff344166-2d62-43c5-9ded-53a300f684b9
SUMMARY:Muttertag
STATUS:CONFIRMED
CATEGORIES:Feiertag
DTSTART;VALUE=DATE:20220508
DTEND;VALUE=DATE:20220509
DESCRIPTION:Kein gesetzlicher Feiertag
END:VEVENT
BEGIN:VEVENT
CREATED:20061023T132504Z
LAST-MODIFIED:20151112T003958Z
DTSTAMP:20151112T003958Z
UID:c90fd01f-5521-4973-b0bb-11c3b16dd9ff
SUMMARY:Christi Himmelfahrt
STATUS:CONFIRMED
CATEGORIES:Feiertag
DTSTART;VALUE=DATE:20220526
DTEND;VALUE=DATE:20220527
DESCRIPTION:Christlicher Feiertag
END:VEVENT
BEGIN:VEVENT
CREATED:20061023T132504Z
LAST-MODIFIED:20151112T003959Z
DTSTAMP:20151112T003959Z
UID:0d0106e9-1335-464e-b463-5cb142db5f1a
SUMMARY:Pfingsten
STATUS:CONFIRMED
CATEGORIES:Feiertag
DTSTART;VALUE=DATE:20220605
DTEND;VALUE=DATE:20220606
DESCRIPTION:Christlicher Feiertag
END:VEVENT
BEGIN:VEVENT
CREATED:20061023T132504Z
LAST-MODIFIED:20151112T004004Z
DTSTAMP:20151112T004004Z
UID:a22fa187-185b-4cf1-93c1-82bdca14fd0e
SUMMARY:Pfingstmontag
STATUS:CONFIRMED
CATEGORIES:Feiertag
DTSTART;VALUE=DATE:20220606
DTEND;VALUE=DATE:20220607
DESCRIPTION:Christlicher Feiertag
END:VEVENT
BEGIN:VEVENT
CREATED:20061023T132504Z
LAST-MODIFIED:20151112T004006Z
DTSTAMP:20151112T004006Z
UID:29b04dc6-23d4-4091-b7ab-168ff3b296f9
SUMMARY:Fronleichnam
STATUS:CONFIRMED
CATEGORIES:Feiertag
DTSTART;VALUE=DATE:20220616
DTEND;VALUE=DATE:20220617
DESCRIPTION:Christlicher Feiertag. Nur in Baden-Württemberg\, Bayern\, He
 ssen\, Nordrhein-Westfalen\,\nRheinland-Pfalz\, Saarland\, Sachsen (teilwe
 ise) und Thüringen (teilweise).
END:VEVENT
BEGIN:VEVENT
CREATED:20101205T145713Z
LAST-MODIFIED:20151112T004016Z
DTSTAMP:20151112T004016Z
UID:46944530-cbdd-46c4-8d8c-796ee55127c8
SUMMARY:Volkstrauertag
STATUS:CONFIRMED
CATEGORIES:Feiertag
DTSTART;VALUE=DATE:20221113
DTEND;VALUE=DATE:20221114
DESCRIPTION:Kein gesetzlicher Feiertag0
END:VEVENT
BEGIN:VEVENT
CREATED:20061023T132504Z
LAST-MODIFIED:20151112T004018Z
DTSTAMP:20151112T004018Z
UID:590b067f-31f8-4c6f-bafb-accf22a6cf89
SUMMARY:Buß- und Bettag
STATUS:CONFIRMED
CATEGORIES:Feiertag
DTSTART;VALUE=DATE:20221116
DTEND;VALUE=DATE:20221117
DESCRIPTION:Nur in Sachsen.
END:VEVENT
BEGIN:VEVENT
CREATED:20061023T132504Z
LAST-MODIFIED:20151112T004020Z
DTSTAMP:20151112T004020Z
UID:f3b740a9-5fe6-42f8-8ea1-0a24c3b7947c
SUMMARY:Totensonntag
STATUS:CONFIRMED
CATEGORIES:Feiertag
DTSTART;VALUE=DATE:20221120
DTEND;VALUE=DATE:20221121
DESCRIPTION:Christlicher Feiertag.
END:VEVENT
BEGIN:VEVENT
CREATED:20061023T132504Z
LAST-MODIFIED:20151112T004022Z
DTSTAMP:20151112T004022Z
UID:9b5a13c3-6abe-458e-bcbe-f1d6cdcdd02d
SUMMARY:Erster Advent
STATUS:CONFIRMED
CATEGORIES:Feiertag
DTSTART;VALUE=DATE:20221127
DTEND;VALUE=DATE:20221128
DESCRIPTION:Christlicher Feiertag.
END:VEVENT
BEGIN:VEVENT
CREATED:20061023T132504Z
LAST-MODIFIED:20151112T004024Z
DTSTAMP:20151112T004024Z
UID:1a7f91ae-5850-4e72-bdd1-1108c812d6fb
SUMMARY:Zweiter Advent
STATUS:CONFIRMED
CATEGORIES:Feiertag
DTSTART;VALUE=DATE:20221204
DTEND;VALUE=DATE:20221205
DESCRIPTION:Christlicher Feiertag.
END:VEVENT
BEGIN:VEVENT
CREATED:20061023T132504Z
LAST-MODIFIED:20151112T004030Z
DTSTAMP:20151112T004030Z
UID:a7d53387-8173-4a44-8d67-b64563dff278
SUMMARY:Dritter Advent
STATUS:CONFIRMED
CATEGORIES:Feiertag
DTSTART;VALUE=DATE:20221211
DTEND;VALUE=DATE:20221212
DESCRIPTION:Christlicher Feiertag.
END:VEVENT
BEGIN:VEVENT
CREATED:20061023T132504Z
LAST-MODIFIED:20151112T004031Z
DTSTAMP:20151112T004031Z
UID:220094a1-08c4-4a0d-bd30-40d071682395
SUMMARY:Vierter Advent
STATUS:CONFIRMED
CATEGORIES:Feiertag
DTSTART;VALUE=DATE:20221218
DTEND;VALUE=DATE:20221219
DESCRIPTION:Christlicher Feiertag.
END:VEVENT
BEGIN:VEVENT
CREATED:20061023T132504Z
LAST-MODIFIED:20151112T004059Z
DTSTAMP:20151112T004059Z
UID:5f7513bd-0978-4ed8-8022-7280645c3186
SUMMARY:Rosenmontag
STATUS:CONFIRMED
CATEGORIES:Feiertag
DTSTART;VALUE=DATE:20230220
DTEND;VALUE=DATE:20230221
DESCRIPTION:Karneval
END:VEVENT
BEGIN:VEVENT
CREATED:20061023T132504Z
LAST-MODIFIED:20151112T004102Z
DTSTAMP:20151112T004102Z
UID:956d4b66-1b2c-418e-ae7d-3cffad30eae7
SUMMARY:Aschermittwoch
STATUS:CONFIRMED
CATEGORIES:Feiertag
DTSTART;VALUE=DATE:20230222
DTEND;VALUE=DATE:20230223
DESCRIPTION:Christlicher Feiertag. Nicht arbeitsfrei.
END:VEVENT
BEGIN:VEVENT
CREATED:20061023T132504Z
LAST-MODIFIED:20151112T004113Z
DTSTAMP:20151112T004113Z
UID:0b5571a1-a813-4f47-bef7-dc28569de753
SUMMARY:Palmsonntag
STATUS:CONFIRMED
CATEGORIES:Feiertag
DTSTART;VALUE=DATE:20230402
DTEND;VALUE=DATE:20230403
DESCRIPTION:Christlicher Feiertag
END:VEVENT
BEGIN:VEVENT
CREATED:20061023T132504Z
LAST-MODIFIED:20151112T004115Z
DTSTAMP:20151112T004115Z
UID:ffaf8199-f853-45c8-b635-5f0e302f13fe
SUMMARY:Karfreitag
STATUS:CONFIRMED
CATEGORIES:Feiertag
DTSTART;VALUE=DATE:20230407
DTEND;VALUE=DATE:20230408
DESCRIPTION:Christlicher Feiertag
END:VEVENT
BEGIN:VEVENT
CREATED:20061023T132504Z
LAST-MODIFIED:20151112T004117Z
DTSTAMP:20151112T004117Z
UID:a379dcf3-85eb-401f-b8cf-7f02da344d11
SUMMARY:Ostern
STATUS:CONFIRMED
CATEGORIES:Feiertag
DTSTART;VALUE=DATE:20230409
DTEND;VALUE=DATE:20230410
DESCRIPTION:Christlicher Feiertag
END:VEVENT
BEGIN:VEVENT
CREATED:20061023T132504Z
LAST-MODIFIED:20151112T004120Z
DTSTAMP:20151112T004120Z
UID:bb40c59f-7f00-44b7-98fc-e5fd5e0c9c27
SUMMARY:Ostermontag
STATUS:CONFIRMED
CATEGORIES:Feiertag
DTSTART;VALUE=DATE:20230410
DTEND;VALUE=DATE:20230411
DESCRIPTION:Christlicher Feiertag.
END:VEVENT
BEGIN:VEVENT
CREATED:20101214T124550Z
LAST-MODIFIED:20151112T004129Z
DTSTAMP:20151112T004129Z
UID:8a0d77ba-30f9-4238-83b5-adcab7a3badb
SUMMARY:Muttertag
STATUS:CONFIRMED
CATEGORIES:Feiertag
DTSTART;VALUE=DATE:20230514
DTEND;VALUE=DATE:20230515
DESCRIPTION:Kein gesetzlicher Feiertag
END:VEVENT
BEGIN:VEVENT
CREATED:20061023T132504Z
LAST-MODIFIED:20151112T004131Z
DTSTAMP:20151112T004131Z
UID:f91d0e50-3550-46f4-959e-4c0837d122b3
SUMMARY:Christi Himmelfahrt
STATUS:CONFIRMED
CATEGORIES:Feiertag
DTSTART;VALUE=DATE:20230518
DTEND;VALUE=DATE:20230519
DESCRIPTION:Christlicher Feiertag
END:VEVENT
BEGIN:VEVENT
CREATED:20061023T132504Z
LAST-MODIFIED:20151112T004134Z
DTSTAMP:20151112T004134Z
UID:888f86d6-9809-4b2c-948b-1443edac5e8e
SUMMARY:Pfingsten
STATUS:CONFIRMED
CATEGORIES:Feiertag
DTSTART;VALUE=DATE:20230528
DTEND;VALUE=DATE:20230529
DESCRIPTION:Christlicher Feiertag
END:VEVENT
BEGIN:VEVENT
CREATED:20061023T132504Z
LAST-MODIFIED:20151112T004137Z
DTSTAMP:20151112T004137Z
UID:4eebf391-9bab-4c47-9828-9f102779600a
SUMMARY:Pfingstmontag
STATUS:CONFIRMED
CATEGORIES:Feiertag
DTSTART;VALUE=DATE:20230529
DTEND;VALUE=DATE:20230530
DESCRIPTION:Christlicher Feiertag
END:VEVENT
BEGIN:VEVENT
CREATED:20061023T132504Z
LAST-MODIFIED:20151112T004144Z
DTSTAMP:20151112T004144Z
UID:915c704e-a4bc-427a-9e0a-1da455be901b
SUMMARY:Fronleichnam
STATUS:CONFIRMED
CATEGORIES:Feiertag
DTSTART;VALUE=DATE:20230608
DTEND;VALUE=DATE:20230609
DESCRIPTION:Christlicher Feiertag. Nur in Baden-Württemberg\, Bayern\, He
 ssen\, Nordrhein-Westfalen\,\nRheinland-Pfalz\, Saarland\, Sachsen (teilwe
 ise) und Thüringen (teilweise).
END:VEVENT
BEGIN:VEVENT
CREATED:20101205T145713Z
LAST-MODIFIED:20151112T004158Z
DTSTAMP:20151112T004158Z
UID:c5bb509b-f206-4bd9-acbe-921c6607180c
SUMMARY:Volkstrauertag
STATUS:CONFIRMED
CATEGORIES:Feiertag
DTSTART;VALUE=DATE:20231119
DTEND;VALUE=DATE:20231120
DESCRIPTION:Kein gesetzlicher Feiertag1
END:VEVENT
BEGIN:VEVENT
CREATED:20061023T132504Z
LAST-MODIFIED:20151112T004201Z
DTSTAMP:20151112T004201Z
UID:ba67b1dd-5db8-4536-af86-5ac01e6db382
SUMMARY:Buß- und Bettag
STATUS:CONFIRMED
CATEGORIES:Feiertag
DTSTART;VALUE=DATE:20231122
DTEND;VALUE=DATE:20231123
DESCRIPTION:Nur in Sachsen.
END:VEVENT
BEGIN:VEVENT
CREATED:20061023T132504Z
LAST-MODIFIED:20151112T004209Z
DTSTAMP:20151112T004209Z
UID:0eae032b-ae56-42ba-9d9b-42893d74dfb2
SUMMARY:Totensonntag
STATUS:CONFIRMED
CATEGORIES:Feiertag
DTSTART;VALUE=DATE:20231126
DTEND;VALUE=DATE:20231127
DESCRIPTION:Christlicher Feiertag.
END:VEVENT
BEGIN:VEVENT
CREATED:20061023T132504Z
LAST-MODIFIED:20151112T004211Z
DTSTAMP:20151112T004211Z
UID:42a5ae0f-030c-4e61-a16a-168e3644c61a
SUMMARY:Erster Advent
STATUS:CONFIRMED
CATEGORIES:Feiertag
DTSTART;VALUE=DATE:20231203
DTEND;VALUE=DATE:20231204
DESCRIPTION:Christlicher Feiertag.
END:VEVENT
BEGIN:VEVENT
CREATED:20061023T132504Z
LAST-MODIFIED:20151112T004222Z
DTSTAMP:20151112T004222Z
UID:3568cc04-205f-43ce-981f-5f695f0ffb89
SUMMARY:Zweiter Advent
STATUS:CONFIRMED
CATEGORIES:Feiertag
DTSTART;VALUE=DATE:20231210
DTEND;VALUE=DATE:20231211
DESCRIPTION:Christlicher Feiertag.
END:VEVENT
BEGIN:VEVENT
CREATED:20061023T132504Z
LAST-MODIFIED:20151112T004224Z
DTSTAMP:20151112T004224Z
UID:c706891d-2560-4b11-b165-01b1810f36a3
SUMMARY:Dritter Advent
STATUS:CONFIRMED
CATEGORIES:Feiertag
DTSTART;VALUE=DATE:20231217
DTEND;VALUE=DATE:20231218
DESCRIPTION:Christlicher Feiertag.
END:VEVENT
BEGIN:VEVENT
CREATED:20061023T132504Z
LAST-MODIFIED:20151112T004231Z
DTSTAMP:20151112T004231Z
UID:966f4e2f-a485-4617-be7b-fc1bfed38d05
SUMMARY:Vierter Advent
STATUS:CONFIRMED
CATEGORIES:Feiertag
DTSTART;VALUE=DATE:20231224
DTEND;VALUE=DATE:20231225
DESCRIPTION:Christlicher Feiertag.
END:VEVENT
BEGIN:VEVENT
CREATED:20061023T132504Z
LAST-MODIFIED:20151112T004238Z
DTSTAMP:20151112T004238Z
UID:28ff27ae-6c43-4241-8e19-b859d3bacbbd
SUMMARY:Rosenmontag
STATUS:CONFIRMED
CATEGORIES:Feiertag
DTSTART;VALUE=DATE:20240212
DTEND;VALUE=DATE:20240213
DESCRIPTION:Karneval
END:VEVENT
BEGIN:VEVENT
CREATED:20061023T132504Z
LAST-MODIFIED:20151112T004241Z
DTSTAMP:20151112T004241Z
UID:99af362f-b9b1-4452-896d-648906ae4920
SUMMARY:Aschermittwoch
STATUS:CONFIRMED
CATEGORIES:Feiertag
DTSTART;VALUE=DATE:20240214
DTEND;VALUE=DATE:20240215
DESCRIPTION:Christlicher Feiertag. Nicht arbeitsfrei.
END:VEVENT
BEGIN:VEVENT
CREATED:20061023T132504Z
LAST-MODIFIED:20151112T004250Z
DTSTAMP:20151112T004250Z
UID:aabf87df-8b3b-469d-b731-fd8ee5c851da
SUMMARY:Palmsonntag
STATUS:CONFIRMED
CATEGORIES:Feiertag
DTSTART;VALUE=DATE:20240324
DTEND;VALUE=DATE:20240325
DESCRIPTION:Christlicher Feiertag
END:VEVENT
BEGIN:VEVENT
CREATED:20061023T132504Z
LAST-MODIFIED:20151112T004252Z
DTSTAMP:20151112T004252Z
UID:179a8a7f-6ebc-427f-89c8-dfd87f770bf9
SUMMARY:Karfreitag
STATUS:CONFIRMED
CATEGORIES:Feiertag
DTSTART;VALUE=DATE:20240329
DTEND;VALUE=DATE:20240330
DESCRIPTION:Christlicher Feiertag
END:VEVENT
BEGIN:VEVENT
CREATED:20061023T132504Z
LAST-MODIFIED:20151112T004254Z
DTSTAMP:20151112T004254Z
UID:249c55e8-25df-4d77-8240-c917d79b163e
SUMMARY:Ostern
STATUS:CONFIRMED
CATEGORIES:Feiertag
DTSTART;VALUE=DATE:20240331
DTEND;VALUE=DATE:20240401
DESCRIPTION:Christlicher Feiertag
END:VEVENT
BEGIN:VEVENT
CREATED:20061023T132504Z
LAST-MODIFIED:20151112T004300Z
DTSTAMP:20151112T004300Z
UID:09d071fa-e352-474d-8984-12fdc76cb033
SUMMARY:Ostermontag
STATUS:CONFIRMED
CATEGORIES:Feiertag
DTSTART;VALUE=DATE:20240401
DTEND;VALUE=DATE:20240402
DESCRIPTION:Christlicher Feiertag.
END:VEVENT
BEGIN:VEVENT
CREATED:20061023T132504Z
LAST-MODIFIED:20151112T004304Z
DTSTAMP:20151112T004304Z
UID:82a44164-d23c-44cf-b3c1-da1eabe1f397
SUMMARY:Christi Himmelfahrt
STATUS:CONFIRMED
CATEGORIES:Feiertag
DTSTART;VALUE=DATE:20240509
DTEND;VALUE=DATE:20240510
DESCRIPTION:Christlicher Feiertag
END:VEVENT
BEGIN:VEVENT
CREATED:20101214T124550Z
LAST-MODIFIED:20151112T004307Z
DTSTAMP:20151112T004307Z
UID:23fa06d1-ccfe-40bf-81e8-d558ed1bf420
SUMMARY:Muttertag
STATUS:CONFIRMED
CATEGORIES:Feiertag
DTSTART;VALUE=DATE:20240512
DTEND;VALUE=DATE:20240513
DESCRIPTION:Kein gesetzlicher Feiertag0
END:VEVENT
BEGIN:VEVENT
CREATED:20061023T132504Z
LAST-MODIFIED:20151112T004309Z
DTSTAMP:20151112T004309Z
UID:7075eb28-7dde-4b96-8aad-76083ac8682b
SUMMARY:Pfingsten
STATUS:CONFIRMED
CATEGORIES:Feiertag
DTSTART;VALUE=DATE:20240519
DTEND;VALUE=DATE:20240520
DESCRIPTION:Christlicher Feiertag
END:VEVENT
BEGIN:VEVENT
CREATED:20061023T132504Z
LAST-MODIFIED:20151112T004312Z
DTSTAMP:20151112T004312Z
UID:aa76019e-b3b6-4488-8bbf-31dc09fb1764
SUMMARY:Pfingstmontag
STATUS:CONFIRMED
CATEGORIES:Feiertag
DTSTART;VALUE=DATE:20240520
DTEND;VALUE=DATE:20240521
DESCRIPTION:Christlicher Feiertag
END:VEVENT
BEGIN:VEVENT
CREATED:20061023T132504Z
LAST-MODIFIED:20151112T004314Z
DTSTAMP:20151112T004314Z
UID:0d3c9c69-6871-4d18-806d-0be0279c723e
SUMMARY:Fronleichnam
STATUS:CONFIRMED
CATEGORIES:Feiertag
DTSTART;VALUE=DATE:20240530
DTEND;VALUE=DATE:20240531
DESCRIPTION:Christlicher Feiertag. Nur in Baden-Württemberg\, Bayern\, He
 ssen\, Nordrhein-Westfalen\,\nRheinland-Pfalz\, Saarland\, Sachsen (teilwe
 ise) und Thüringen (teilweise).
END:VEVENT
BEGIN:VEVENT
CREATED:20101205T145713Z
LAST-MODIFIED:20151112T004327Z
DTSTAMP:20151112T004327Z
UID:08403872-2393-42bd-b1fb-ad5fac4f6f34
SUMMARY:Volkstrauertag
STATUS:CONFIRMED
CATEGORIES:Feiertag
DTSTART;VALUE=DATE:20241117
DTEND;VALUE=DATE:20241118
DESCRIPTION:Kein gesetzlicher Feiertag20
END:VEVENT
BEGIN:VEVENT
CREATED:20061023T132504Z
LAST-MODIFIED:20151112T004329Z
DTSTAMP:20151112T004329Z
UID:dcf3f9a7-086c-4e3e-805f-adaaec6fda2e
SUMMARY:Buß- und Bettag
STATUS:CONFIRMED
CATEGORIES:Feiertag
DTSTART;VALUE=DATE:20241120
DTEND;VALUE=DATE:20241121
DESCRIPTION:Nur in Sachsen.
END:VEVENT
BEGIN:VEVENT
CREATED:20061023T132504Z
LAST-MODIFIED:20151112T004332Z
DTSTAMP:20151112T004332Z
UID:546e46fb-ec99-4ddd-aa9d-6ec619b96dc0
SUMMARY:Totensonntag
STATUS:CONFIRMED
CATEGORIES:Feiertag
DTSTART;VALUE=DATE:20241124
DTEND;VALUE=DATE:20241125
DESCRIPTION:Christlicher Feiertag.
END:VEVENT
BEGIN:VEVENT
CREATED:20061023T132504Z
LAST-MODIFIED:20151112T004334Z
DTSTAMP:20151112T004334Z
UID:0b6285cb-89f9-4b85-8de0-a42bd18589c9
SUMMARY:Erster Advent
STATUS:CONFIRMED
CATEGORIES:Feiertag
DTSTART;VALUE=DATE:20241201
DTEND;VALUE=DATE:20241202
DESCRIPTION:Christlicher Feiertag.
END:VEVENT
BEGIN:VEVENT
CREATED:20061023T132504Z
LAST-MODIFIED:20151112T004339Z
DTSTAMP:20151112T004339Z
UID:4ad38de2-8fce-4344-a208-979f1916b835
SUMMARY:Zweiter Advent
STATUS:CONFIRMED
CATEGORIES:Feiertag
DTSTART;VALUE=DATE:20241208
DTEND;VALUE=DATE:20241209
DESCRIPTION:Christlicher Feiertag.
END:VEVENT
BEGIN:VEVENT
CREATED:20061023T132504Z
LAST-MODIFIED:20151112T004341Z
DTSTAMP:20151112T004341Z
UID:b49431ca-7be4-4b79-bbb2-5f6a1248ef93
SUMMARY:Dritter Advent
STATUS:CONFIRMED
CATEGORIES:Feiertag
DTSTART;VALUE=DATE:20241215
DTEND;VALUE=DATE:20241216
DESCRIPTION:Christlicher Feiertag.
END:VEVENT
BEGIN:VEVENT
CREATED:20061023T132504Z
LAST-MODIFIED:20151112T004343Z
DTSTAMP:20151112T004343Z
UID:6b46edc1-b54b-430b-9028-759a11d582c7
SUMMARY:Vierter Advent
STATUS:CONFIRMED
CATEGORIES:Feiertag
DTSTART;VALUE=DATE:20241222
DTEND;VALUE=DATE:20241223
DESCRIPTION:Christlicher Feiertag.
END:VEVENT
BEGIN:VEVENT
CREATED:20061023T132504Z
LAST-MODIFIED:20151112T004352Z
DTSTAMP:20151112T004352Z
UID:749e7d53-b90e-4e4c-8375-10bc41996985
SUMMARY:Rosenmontag
STATUS:CONFIRMED
CATEGORIES:Feiertag
DTSTART;VALUE=DATE:20250303
DTEND;VALUE=DATE:20250304
DESCRIPTION:Karneval
END:VEVENT
BEGIN:VEVENT
CREATED:20061023T132504Z
LAST-MODIFIED:20151112T004354Z
DTSTAMP:20151112T004354Z
UID:0c4a90fc-4651-4a12-886c-0659eb26d299
SUMMARY:Aschermittwoch
STATUS:CONFIRMED
CATEGORIES:Feiertag
DTSTART;VALUE=DATE:20250305
DTEND;VALUE=DATE:20250306
DESCRIPTION:Christlicher Feiertag. Nicht arbeitsfrei.
END:VEVENT
BEGIN:VEVENT
CREATED:20061023T132504Z
LAST-MODIFIED:20151112T004359Z
DTSTAMP:20151112T004359Z
UID:1c33e111-bb08-4f3d-992e-4e4712ab7118
SUMMARY:Palmsonntag
STATUS:CONFIRMED
CATEGORIES:Feiertag
DTSTART;VALUE=DATE:20250413
DTEND;VALUE=DATE:20250414
DESCRIPTION:Christlicher Feiertag
END:VEVENT
BEGIN:VEVENT
CREATED:20061023T132504Z
LAST-MODIFIED:20151112T004401Z
DTSTAMP:20151112T004401Z
UID:e9a51e52-0956-4d0f-be18-c5ce39dae024
SUMMARY:Karfreitag
STATUS:CONFIRMED
CATEGORIES:Feiertag
DTSTART;VALUE=DATE:20250418
DTEND;VALUE=DATE:20250419
DESCRIPTION:Christlicher Feiertag
END:VEVENT
BEGIN:VEVENT
CREATED:20061023T132504Z
LAST-MODIFIED:20151112T004402Z
DTSTAMP:20151112T004402Z
UID:efacb91a-6c19-4f00-bda9-cd6b8cfc4ce0
SUMMARY:Ostern
STATUS:CONFIRMED
CATEGORIES:Feiertag
DTSTART;VALUE=DATE:20250420
DTEND;VALUE=DATE:20250421
DESCRIPTION:Christlicher Feiertag
END:VEVENT
BEGIN:VEVENT
CREATED:20061023T132504Z
LAST-MODIFIED:20151112T004405Z
DTSTAMP:20151112T004405Z
UID:457982d2-a038-49d2-9b27-6f9708a16206
SUMMARY:Ostermontag
STATUS:CONFIRMED
CATEGORIES:Feiertag
DTSTART;VALUE=DATE:20250421
DTEND;VALUE=DATE:20250422
DESCRIPTION:Christlicher Feiertag.
END:VEVENT
BEGIN:VEVENT
CREATED:20101214T124550Z
LAST-MODIFIED:20151112T004410Z
DTSTAMP:20151112T004410Z
UID:1b9ecb65-b7ff-4388-b20c-64a5f90ff83f
SUMMARY:Muttertag
STATUS:CONFIRMED
CATEGORIES:Feiertag
DTSTART;VALUE=DATE:20250511
DTEND;VALUE=DATE:20250512
DESCRIPTION:Kein gesetzlicher Feiertag10
END:VEVENT
BEGIN:VEVENT
CREATED:20061023T132504Z
LAST-MODIFIED:20151112T004412Z
DTSTAMP:20151112T004412Z
UID:0705f107-eef7-4929-ac93-a9d7a645e7f8
SUMMARY:Christi Himmelfahrt
STATUS:CONFIRMED
CATEGORIES:Feiertag
DTSTART;VALUE=DATE:20250529
DTEND;VALUE=DATE:20250530
DESCRIPTION:Christlicher Feiertag
END:VEVENT
BEGIN:VEVENT
CREATED:20061023T132504Z
LAST-MODIFIED:20151112T004420Z
DTSTAMP:20151112T004420Z
UID:49fa3924-037e-46aa-985b-29f0f886ef8c
SUMMARY:Pfingsten
STATUS:CONFIRMED
CATEGORIES:Feiertag
DTSTART;VALUE=DATE:20250608
DTEND;VALUE=DATE:20250609
DESCRIPTION:Christlicher Feiertag
END:VEVENT
BEGIN:VEVENT
CREATED:20061023T132504Z
LAST-MODIFIED:20151112T004422Z
DTSTAMP:20151112T004422Z
UID:082092fe-3345-4652-b5f9-d5aeee66328f
SUMMARY:Pfingstmontag
STATUS:CONFIRMED
CATEGORIES:Feiertag
DTSTART;VALUE=DATE:20250609
DTEND;VALUE=DATE:20250610
DESCRIPTION:Christlicher Feiertag
END:VEVENT
BEGIN:VEVENT
CREATED:20061023T132504Z
LAST-MODIFIED:20151112T004424Z
DTSTAMP:20151112T004424Z
UID:e6575a32-8845-4a0a-a00a-9f13654244e2
SUMMARY:Fronleichnam
STATUS:CONFIRMED
CATEGORIES:Feiertag
DTSTART;VALUE=DATE:20250619
DTEND;VALUE=DATE:20250620
DESCRIPTION:Christlicher Feiertag. Nur in Baden-Württemberg\, Bayern\, He
 ssen\, Nordrhein-Westfalen\,\nRheinland-Pfalz\, Saarland\, Sachsen (teilwe
 ise) und Thüringen (teilweise).
END:VEVENT
BEGIN:VEVENT
CREATED:20101205T145713Z
LAST-MODIFIED:20151112T004434Z
DTSTAMP:20151112T004434Z
UID:2ca238e4-196f-4d18-bb0a-4658e7ab987f
SUMMARY:Volkstrauertag
STATUS:CONFIRMED
CATEGORIES:Feiertag
DTSTART;VALUE=DATE:20251116
DTEND;VALUE=DATE:20251117
DESCRIPTION:Kein gesetzlicher Feiertag31
END:VEVENT
BEGIN:VEVENT
CREATED:20061023T132504Z
LAST-MODIFIED:20151112T004437Z
DTSTAMP:20151112T004437Z
UID:b2e0c62b-d371-414a-9f14-bdd0fa5a3eb9
SUMMARY:Buß- und Bettag
STATUS:CONFIRMED
CATEGORIES:Feiertag
DTSTART;VALUE=DATE:20251119
DTEND;VALUE=DATE:20251120
DESCRIPTION:Nur in Sachsen.
END:VEVENT
BEGIN:VEVENT
CREATED:20061023T132504Z
LAST-MODIFIED:20151112T004439Z
DTSTAMP:20151112T004439Z
UID:54c731a4-2052-44f7-be17-7976de70f144
SUMMARY:Totensonntag
STATUS:CONFIRMED
CATEGORIES:Feiertag
DTSTART;VALUE=DATE:20251123
DTEND;VALUE=DATE:20251124
DESCRIPTION:Christlicher Feiertag.
END:VEVENT
BEGIN:VEVENT
CREATED:20061023T132504Z
LAST-MODIFIED:20151112T004441Z
DTSTAMP:20151112T004441Z
UID:fc4cb35f-9128-43e9-a221-206f67d73e61
SUMMARY:Erster Advent
STATUS:CONFIRMED
CATEGORIES:Feiertag
DTSTART;VALUE=DATE:20251130
DTEND;VALUE=DATE:20251201
DESCRIPTION:Christlicher Feiertag.
END:VEVENT
BEGIN:VEVENT
CREATED:20061023T132504Z
LAST-MODIFIED:20151112T004447Z
DTSTAMP:20151112T004447Z
UID:9ff7d8d6-2237-41eb-b2a7-f47732452a14
SUMMARY:Zweiter Advent
STATUS:CONFIRMED
CATEGORIES:Feiertag
DTSTART;VALUE=DATE:20251207
DTEND;VALUE=DATE:20251208
DESCRIPTION:Christlicher Feiertag.
END:VEVENT
BEGIN:VEVENT
CREATED:20061023T132504Z
LAST-MODIFIED:20151112T004450Z
DTSTAMP:20151112T004450Z
UID:5a2a2659-1e7f-4efb-bdf1-fbfdfc2c6e22
SUMMARY:Dritter Advent
STATUS:CONFIRMED
CATEGORIES:Feiertag
DTSTART;VALUE=DATE:20251214
DTEND;VALUE=DATE:20251215
DESCRIPTION:Christlicher Feiertag.
END:VEVENT
BEGIN:VEVENT
CREATED:20061023T132504Z
LAST-MODIFIED:20151112T004453Z
DTSTAMP:20151112T004453Z
UID:99f53a1a-98e5-4640-ab07-b04b84f8128a
SUMMARY:Vierter Advent
STATUS:CONFIRMED
CATEGORIES:Feiertag
DTSTART;VALUE=DATE:20251221
DTEND;VALUE=DATE:20251222
DESCRIPTION:Christlicher Feiertag.
END:VEVENT
END:VCALENDAR
