\uFEFFBEGIN:VCALENDAR
PRODID:-//Mozilla.org/NONSGML Mozilla Calendar V1.1//EN
VERSION:2.0
BEGIN:VEVENT
CREATED:20100113T170740Z
LAST-MODIFIED:20100113T170740Z
DTSTAMP:20090130T234608Z
UID:417533e5-b39f-4f29-ab8b-4bad180b2c97
SUMMARY:DIA FESTIVO
CATEGORIES:Aniversario
DTSTART;VALUE=DATE:20090202
DTEND;VALUE=DATE:20090203
CLASS:PUBLIC
DESCRIPTION:Aniversario de la promulgación de la constitución política de México.
END:VEVENT
BEGIN:VEVENT
CREATED:20100113T170740Z
LAST-MODIFIED:20100113T170740Z
DTSTAMP:20090130T234808Z
UID:bd7535ec-a961-48d6-8a1a-8b134968f286
SUMMARY:DIA FESTIVO
CATEGORIES:Aniversario
DTSTART;VALUE=DATE:20090316
DTEND;VALUE=DATE:20090317
CLASS:PUBLIC
DESCRIPTION:Aniversario del natalicio de Don Benito Juárez
END:VEVENT
BEGIN:VEVENT
CREATED:20100113T170740Z
LAST-MODIFIED:20100113T170740Z
DTSTAMP:20090130T234857Z
UID:63b31121-6aa0-4a61-b6cd-844415f26e34
SUMMARY:DIA FESTIVO
CATEGORIES:Feriados
DTSTART;VALUE=DATE:20090409
DTEND;VALUE=DATE:20090411
CLASS:PUBLIC
DESCRIPTION:Jueves y Viernes SANTO (Semana Santa)
END:VEVENT
BEGIN:VEVENT
CREATED:20100113T170740Z
LAST-MODIFIED:20100113T170740Z
DTSTAMP:20090130T234951Z
UID:4ec24db6-c221-4094-82fe-1abeb224ab20
SUMMARY:DIA FESTIVO
CATEGORIES:Feriados Públicos
DTSTART;VALUE=DATE:20090501
DTEND;VALUE=DATE:20090502
CLASS:PUBLIC
DESCRIPTION:Día del Trabajo
END:VEVENT
BEGIN:VEVENT
CREATED:20100113T170740Z
LAST-MODIFIED:20100113T170740Z
DTSTAMP:20090130T235132Z
UID:115af817-e568-430a-8b9a-c2a7ce9a5cf0
SUMMARY:DIA FESTIVO
CATEGORIES:Feriados Públicos
DTSTART;VALUE=DATE:20090915
DTEND;VALUE=DATE:20090916
CLASS:PUBLIC
DESCRIPTION:Día del Grito de Independencia
END:VEVENT
BEGIN:VEVENT
CREATED:20100113T170740Z
LAST-MODIFIED:20100113T170740Z
DTSTAMP:20090130T235213Z
UID:f1e49e55-4fdd-4c79-82b9-5f15c2c5fc63
SUMMARY:DIA FESTIVO
CATEGORIES:Feriados Públicos
DTSTART;VALUE=DATE:20091116
DTEND;VALUE=DATE:20091117
CLASS:PUBLIC
DESCRIPTION:Conmemorando Aniversario de la Revolución Mexicana (20 de Noviembre)
END:VEVENT
BEGIN:VEVENT
CREATED:20100113T170740Z
LAST-MODIFIED:20100113T170740Z
DTSTAMP:20090130T235328Z
UID:790522ef-2789-45b0-acc0-38bd5df4ec1a
SUMMARY:DIA FESTIVO
CATEGORIES:Feriados Públicos
DTSTART;VALUE=DATE:20091225
DTEND;VALUE=DATE:20091226
CLASS:PUBLIC
DESCRIPTION:Navidad
END:VEVENT
BEGIN:VEVENT
CREATED:20100113T170741Z
LAST-MODIFIED:20100113T170741Z
DTSTAMP:20090131T000526Z
UID:23e80ad0-07f4-4eb1-9a70-d3f0d29dab6b
SUMMARY:Dia Nacional del Deporte
DTSTART;VALUE=DATE:20091025
DTEND;VALUE=DATE:20091026
CLASS:PUBLIC
END:VEVENT
BEGIN:VEVENT
CREATED:20100113T170741Z
LAST-MODIFIED:20100201T170146Z
DTSTAMP:20100201T170146Z
UID:29b89b98-3f22-4caf-a8a6-e9220ba33dbc
SUMMARY:Día de la Batalla de Puebla
ATTACH:http://es.wikipedia.org/wiki/Batalla_de_puebla
RRULE:FREQ=YEARLY;BYMONTHDAY=5;BYMONTH=5
CATEGORIES:Feriados
DTSTART;VALUE=DATE:20090505
DTEND;VALUE=DATE:20090506
CLASS:PUBLIC
END:VEVENT
BEGIN:VEVENT
CREATED:20100113T170740Z
LAST-MODIFIED:20100201T165046Z
DTSTAMP:20100201T165046Z
UID:040000008200E00074C5B7101A82E0080000000010B7F79D4294CA0100000000000005631D458F8481AA5CEBA83F
SUMMARY:DIA FESTIVO
ATTACH:http://es.wikipedia.org/wiki/A%C3%B1o_nuevo
RRULE:FREQ=YEARLY;BYMONTHDAY=1;BYMONTH=1
CATEGORIES:Feriados Públicos
DTSTART;VALUE=DATE:20100101
DTEND;VALUE=DATE:20100102
CLASS:PUBLIC
DESCRIPTION:Año Nuevo
END:VEVENT
BEGIN:VEVENT
CREATED:20100113T170740Z
LAST-MODIFIED:20100113T173508Z
DTSTAMP:20090130T235328Z
UID:040000008200E00074C5B7101A82E0080908888799CB3A5631D458F8481AA5CEBA83F
SUMMARY:DIA FESTIVO
CATEGORIES:Feriados Públicos
DTSTART;VALUE=DATE:20100201
DTEND;VALUE=DATE:20100202
CLASS:PUBLIC
DESCRIPTION:Día de la Constitución - Día Feriado
END:VEVENT
BEGIN:VEVENT
CREATED:20100113T170740Z
LAST-MODIFIED:20100113T175531Z
DTSTAMP:20090130T235328Z
UID:040000008200E00074C5B7101A82E0080000000010B89ED24294CA0100009CB3A5631D458F8481AA5CEBA83F
SUMMARY:DIA FESTIVO
CATEGORIES:Feriados Públicos
DTSTART;VALUE=DATE:20100315
DTEND;VALUE=DATE:20100316
CLASS:PUBLIC
DESCRIPTION:Natalicio de Benito Juárez - Día Feriado
END:VEVENT
BEGIN:VEVENT
CREATED:20100113T170740Z
LAST-MODIFIED:20100113T172351Z
DTSTAMP:20090130T235328Z
UID:040000008200E00074C5B7103479346346960CEBA83F
SUMMARY:DIA FESTIVO
CATEGORIES:Feriados Públicos
DTSTART;VALUE=DATE:20100401
DTEND;VALUE=DATE:20100403
CLASS:PUBLIC
DESCRIPTION:Semana Santa
END:VEVENT
BEGIN:VEVENT
CREATED:20100113T170740Z
LAST-MODIFIED:20100113T175608Z
DTSTAMP:20090130T235328Z
UID:040000008200E00074C5B7101A82E00800003679679458F8481AA5CEBA83F
SUMMARY:DIA FESTIVO
CATEGORIES:Feriados Públicos
DTSTART;VALUE=DATE:20101115
DTEND;VALUE=DATE:20101116
CLASS:PUBLIC
DESCRIPTION:Revolución Mexicana - Día Feriado
END:VEVENT
BEGIN:VEVENT
CREATED:20100113T173531Z
LAST-MODIFIED:20100201T165213Z
DTSTAMP:20100201T165213Z
UID:040000008239C7E47B870070C50A1863482348539058989
SUMMARY:Día de la Constitución Política
ATTACH:http://es.wikipedia.org/wiki/Constituci%C3%B3n_Pol%C3%ADtica_de_los_Estados_Unidos_Mexicanos_de_1917
RRULE:FREQ=YEARLY;BYMONTHDAY=5;BYMONTH=2
DTSTART;VALUE=DATE:20100205
DTEND;VALUE=DATE:20100206
CLASS:PUBLIC
END:VEVENT
BEGIN:VEVENT
CREATED:20100113T173808Z
LAST-MODIFIED:20100201T165436Z
DTSTAMP:20100201T165436Z
UID:040000008200E00074C5B7101A82E00800000000A011FFE04494CA01076541A314908549054600
SUMMARY:Natalicio de Benito Juárez
ATTACH:http://es.wikipedia.org/wiki/Benito_Ju%C3%A1rez
RRULE:FREQ=YEARLY;BYMONTHDAY=21;BYMONTH=3
DTSTART;VALUE=DATE:20100321
DTEND;VALUE=DATE:20100322
CLASS:PUBLIC
END:VEVENT
BEGIN:VEVENT
CREATED:20100113T175819Z
LAST-MODIFIED:20100113T180204Z
DTSTAMP:20090130T235328Z
UID:040000008200E00074C5B7101A82E00800000000D06BF46AC9845B8FBADFF579800D0
SUMMARY:DIA FESTIVO
RECURRENCE-ID;VALUE=DATE:20110101
CATEGORIES:Feriados Públicos
DTSTART;VALUE=DATE:20110207
DTEND;VALUE=DATE:20110208
CLASS:PUBLIC
DESCRIPTION:Día de la Constitución - Día Feriado
END:VEVENT
BEGIN:VEVENT
CREATED:20100201T164900Z
LAST-MODIFIED:20100201T164900Z
DTSTAMP:20100201T164900Z
UID:040000008200E00074C5B7101A82E00800000000C0346FC14794C800D0
RDATE;VALUE=DATE-TIME:20110101T060000Z
DTSTART;VALUE=DATE:20110101
END:VEVENT
BEGIN:VEVENT
CREATED:20100113T175819Z
LAST-MODIFIED:20100113T180146Z
DTSTAMP:20090130T235328Z
UID:040000008200E00074C5B7101A82E0080000000040C623E46AC9845B8FBADFF579800D0
SUMMARY:DIA FESTIVO
RECURRENCE-ID;VALUE=DATE:20110101
CATEGORIES:Feriados Públicos
DTSTART;VALUE=DATE:20110321
DTEND;VALUE=DATE:20110322
CLASS:PUBLIC
DESCRIPTION:Natalicio de Benito Juárez
END:VEVENT
BEGIN:VEVENT
CREATED:20100201T164900Z
LAST-MODIFIED:20100201T164900Z
DTSTAMP:20100201T164900Z
UID:040000008200E00074C5B7101A82E0080000000000940C623E46AC9845B8FBADFF579800D0
RDATE;VALUE=DATE-TIME:20110101T060000Z
DTSTART;VALUE=DATE:20110101
END:VEVENT
BEGIN:VEVENT
CREATED:20100113T175819Z
LAST-MODIFIED:20100113T180131Z
DTSTAMP:20090130T235328Z
UID:040000008200E00074C5B7101A82E008000000BADFF579800D0
SUMMARY:DIA FESTIVO
RECURRENCE-ID;VALUE=DATE:20110101
CATEGORIES:Feriados Públicos
DTSTART;VALUE=DATE:20110421
DTEND;VALUE=DATE:20110423
CLASS:PUBLIC
DESCRIPTION:Semana Santa
END:VEVENT
BEGIN:VEVENT
CREATED:20100201T164900Z
LAST-MODIFIED:20100201T164900Z
DTSTAMP:20100201T164900Z
UID:040000008200E00074C5B7101A82E00800000000802D04E74794CA0369039BCD
RDATE;VALUE=DATE-TIME:20110101T060000Z
DTSTART;VALUE=DATE:20110101
END:VEVENT
BEGIN:VEVENT
CREATED:20100113T175819Z
LAST-MODIFIED:20100113T180046Z
DTSTAMP:20090130T235328Z
UID:040000008200E00074C5B7101A82E00800000000802D04E74794CA010099768346
SUMMARY:DIA FESTIVO
RECURRENCE-ID;VALUE=DATE:20110101
CATEGORIES:Feriados Públicos
DTSTART;VALUE=DATE:20110916
DTEND;VALUE=DATE:20110917
CLASS:PUBLIC
DESCRIPTION:Día de la Independencia
END:VEVENT
BEGIN:VEVENT
CREATED:20100201T164900Z
LAST-MODIFIED:20100201T164900Z
DTSTAMP:20100201T164900Z
UID:040000008200E00074C5B7101A82E0080000000010D0A9F04794CA0100036496000
RDATE;VALUE=DATE-TIME:20110101T060000Z
DTSTART;VALUE=DATE:20110101
END:VEVENT
BEGIN:VEVENT
CREATED:20100113T175819Z
LAST-MODIFIED:20100113T180028Z
DTSTAMP:20090130T235328Z
UID:040000008200E00074C5B7101A82E0080000000010D0A9F04794CA01000000123456
SUMMARY:DIA FESTIVO
RECURRENCE-ID;VALUE=DATE:20110101
CATEGORIES:Feriados Públicos
DTSTART;VALUE=DATE:20111121
DTEND;VALUE=DATE:20111122
CLASS:PUBLIC
DESCRIPTION:Revolución Mexicana - Día Feriado
END:VEVENT
BEGIN:VEVENT
CREATED:20100201T170006Z
LAST-MODIFIED:20100201T170113Z
DTSTAMP:20100201T170113Z
UID:ac9111b7-7ff5-4041-bcda-2f8a904ff81c
SUMMARY:Dia Internacional del Trabajo
ATTACH:http://es.wikipedia.org/wiki/D%C3%ADa_del_Trabajo
RRULE:FREQ=YEARLY
DTSTART;VALUE=DATE:20100501
DTEND;VALUE=DATE:20100502
END:VEVENT
BEGIN:VEVENT
CREATED:20100113T175819Z
LAST-MODIFIED:20100201T174829Z
DTSTAMP:20100201T174829Z
UID:dc0700be-85e0-4e88-a2ba-895ea0a7f222
SUMMARY:DIA FESTIVO
RECURRENCE-ID;VALUE=DATE:20120401
CATEGORIES:Feriados Públicos
DTSTART;VALUE=DATE:20120720
DTEND;VALUE=DATE:20120722
CLASS:PUBLIC
DESCRIPTION:Semana Santa
END:VEVENT
BEGIN:VEVENT
CREATED:20100201T174857Z
LAST-MODIFIED:20100201T174932Z
DTSTAMP:20100201T174932Z
UID:3ac40ae0-52c6-4022-a794-f384118f5470
SUMMARY:DIA FESTIVO
CATEGORIES:Festivos
DTSTART;VALUE=DATE:20120405
DTEND;VALUE=DATE:20120407
DESCRIPTION:SEMANA SANTA
END:VEVENT
BEGIN:VEVENT
CREATED:20100201T175004Z
LAST-MODIFIED:20100201T175021Z
DTSTAMP:20100201T175021Z
UID:7224c9c7-0536-4db6-b95d-bdc19a5db74a
SUMMARY:DIA FESTIVO
CATEGORIES:Festivos
DTSTART;VALUE=DATE:20130328
DTEND;VALUE=DATE:20130330
DESCRIPTION:SEMANA SANTA
END:VEVENT
BEGIN:VEVENT
CREATED:20100201T175051Z
LAST-MODIFIED:20100201T175110Z
DTSTAMP:20100201T175110Z
UID:4513b6ed-43ae-40d8-88fc-497d52537536
SUMMARY:DIA FESTIVO
CATEGORIES:Festivos
DTSTART;VALUE=DATE:20140417
DTEND;VALUE=DATE:20140419
DESCRIPTION:SEMANA SANTA
END:VEVENT
BEGIN:VEVENT
CREATED:20100201T175150Z
LAST-MODIFIED:20100201T175206Z
DTSTAMP:20100201T175206Z
UID:6c78261f-609f-4ff7-b2b9-7797548f649a
SUMMARY:DIA FESTIVO
CATEGORIES:Festivos
DTSTART;VALUE=DATE:20150402
DTEND;VALUE=DATE:20150404
DESCRIPTION:SEMANA SANTA
END:VEVENT
END:VCALENDAR
